amount,pmb,image,lat,lng,name
15793,https://pmb.acdh.oeaw.ac.at/entity/50/,"https://iiif.onb.ac.at/images/AKON/AK117_016/016/full/400,/0/default.jpg",48.2066,16.37341,Wien
418,https://pmb.acdh.oeaw.ac.at/entity/213/,"https://iiif.onb.ac.at/images/AKON/AK111_493/493/full/400,/0/default.jpg",47.71109,13.61893,Bad Ischl
368,https://pmb.acdh.oeaw.ac.at/entity/168/,"https://iiif.onb.ac.at/images/AKON/AK113_515/515/full/400,/0/default.jpg",52.52437,13.41053,Berlin
339,https://pmb.acdh.oeaw.ac.at/entity/412/,False,48.212643768549,16.357353835756,Grillparzerstraße
234,https://pmb.acdh.oeaw.ac.at/entity/91735/,False,47.63333,15.81667,Semmering
164,https://pmb.acdh.oeaw.ac.at/entity/45258/,"https://iiif.onb.ac.at/images/AKON/AK112_094/094/full/400,/0/default.jpg",48.13743,11.57549,München
159,https://pmb.acdh.oeaw.ac.at/entity/30/,"https://iiif.onb.ac.at/images/AKON/AK067_206/206/full/400,/0/default.jpg",47.79941,13.04399,Salzburg
159,https://pmb.acdh.oeaw.ac.at/entity/483/,False,47.7,15.83333,Reichenau an der Rax
97,https://pmb.acdh.oeaw.ac.at/entity/90229/,"https://iiif.onb.ac.at/images/AKON/AK125_092/092/full/400,/0/default.jpg",47.63844,13.76278,Altaussee
95,https://pmb.acdh.oeaw.ac.at/entity/414/,False,47.706537,13.609575,Hotel und Pension Rudolfshöhe (Leopold Petter)
87,https://pmb.acdh.oeaw.ac.at/entity/34387/,False,47.6416,13.77095,Villa Annerl
79,https://pmb.acdh.oeaw.ac.at/entity/462/,"https://iiif.onb.ac.at/images/AKON/AK080_457/457/full/400,/0/default.jpg",45.43713,12.33265,Venedig
77,https://pmb.acdh.oeaw.ac.at/entity/714/,False,47.605239,15.707639,Hotel Edlacherhof
77,https://pmb.acdh.oeaw.ac.at/entity/224/,"https://iiif.onb.ac.at/images/AKON/AK077_288/288/full/400,/0/default.jpg",51.50853,-0.12574,London
76,https://pmb.acdh.oeaw.ac.at/entity/413/,False,47.647222,15.83,Südbahnhotel
75,https://pmb.acdh.oeaw.ac.at/entity/470/,"https://iiif.onb.ac.at/images/AKON/AK122_574/574/full/400,/0/default.jpg",47.69255,15.80915,Edlach
73,https://pmb.acdh.oeaw.ac.at/entity/415/,"https://iiif.onb.ac.at/images/AKON/AK125_107/107/full/400,/0/default.jpg",47.60998,13.78243,Bad Aussee
71,https://pmb.acdh.oeaw.ac.at/entity/988/,"https://iiif.onb.ac.at/images/AKON/AK118_595/595/full/400,/0/default.jpg",46.54133,11.55868,Seis am Schlern
70,https://pmb.acdh.oeaw.ac.at/entity/428/,"https://iiif.onb.ac.at/images/AKON/AK039_034/034/full/400,/0/default.jpg",46.75774,12.10556,Welsberg-Taisten
70,https://pmb.acdh.oeaw.ac.at/entity/12589/,"https://iiif.onb.ac.at/images/AKON/AK107_567/567/full/400,/0/default.jpg",46.5146,9.8622,Celerina
69,https://pmb.acdh.oeaw.ac.at/entity/467/,False,46.54555,11.560026,Villa Heufler
68,https://pmb.acdh.oeaw.ac.at/entity/723/,False,46.751211,12.101269,Wildbad Waldbrunn
68,https://pmb.acdh.oeaw.ac.at/entity/45260/,"https://iiif.onb.ac.at/images/AKON/AK097_489/489/full/400,/0/default.jpg",44.91417,13.76222,Brijuni
67,https://pmb.acdh.oeaw.ac.at/entity/44982/,False,47.69852,15.84453,Kurhaus Rudolfsbad
61,https://pmb.acdh.oeaw.ac.at/entity/796/,False,47.70466,15.84704,Thalhof
58,https://pmb.acdh.oeaw.ac.at/entity/790/,False,48.210369328822,16.370282346864,Tuchlauben
55,https://pmb.acdh.oeaw.ac.at/entity/75/,"https://iiif.onb.ac.at/images/AKON/AK125_353/353/full/400,/0/default.jpg",48.08611,16.24809,Hinterbrühl
51,https://pmb.acdh.oeaw.ac.at/entity/40260/,"https://iiif.onb.ac.at/images/AKON/AK116_276/276/full/400,/0/default.jpg",46.49067,11.33982,Bozen
49,https://pmb.acdh.oeaw.ac.at/entity/44374/,"https://iiif.onb.ac.at/images/AKON/AK115_583/583/full/400,/0/default.jpg",46.49937,9.84327,Sankt Moritz
45,https://pmb.acdh.oeaw.ac.at/entity/182/,"https://iiif.onb.ac.at/images/AKON/AK073_094/094/full/400,/0/default.jpg",48.85341,2.3488,Paris
45,https://pmb.acdh.oeaw.ac.at/entity/797/,"https://iiif.onb.ac.at/images/AKON/AK114_020/020/full/400,/0/default.jpg",47.63236,13.00187,Berchtesgaden
43,https://pmb.acdh.oeaw.ac.at/entity/91213/,False,55.00186,11.92716,Marienlyst
42,https://pmb.acdh.oeaw.ac.at/entity/592/,False,48.876305,2.340682,rue de Maubeuge
40,https://pmb.acdh.oeaw.ac.at/entity/96/,False,48.202204,16.374869,Meissl & Schadn
39,https://pmb.acdh.oeaw.ac.at/entity/667/,"https://iiif.onb.ac.at/images/AKON/AK077_451/451/full/400,/0/default.jpg",47.49209,11.09576,Garmisch-Partenkirchen
39,https://pmb.acdh.oeaw.ac.at/entity/948/,"https://iiif.onb.ac.at/images/AKON/AK061_243/243/full/400,/0/default.jpg",47.69209,15.8634,Payerbach
37,https://pmb.acdh.oeaw.ac.at/entity/968/,"https://iiif.onb.ac.at/images/AKON/AK005_352/352/full/400,/0/default.jpg",48.08605,16.28921,Mödling
35,https://pmb.acdh.oeaw.ac.at/entity/867/,"https://iiif.onb.ac.at/images/AKON/AK116_105/105/full/400,/0/default.jpg",47.26266,11.39454,Innsbruck
33,https://pmb.acdh.oeaw.ac.at/entity/772/,"https://iiif.onb.ac.at/images/AKON/AK074_239/239/full/400,/0/default.jpg",49.96459,12.70118,Marienbad
32,https://pmb.acdh.oeaw.ac.at/entity/228/,"https://iiif.onb.ac.at/images/AKON/AK104_425/425/full/400,/0/default.jpg",48.7606,8.23975,Baden-Baden
32,https://pmb.acdh.oeaw.ac.at/entity/91530/,False,48.20609,16.41169,Prater
32,https://pmb.acdh.oeaw.ac.at/entity/967/,"https://iiif.onb.ac.at/images/AKON/AK077_243/243/full/400,/0/default.jpg",47.05048,8.30635,Luzern
31,https://pmb.acdh.oeaw.ac.at/entity/113/,False,48.235119783861,16.333568462613,Türkenschanzpark
31,https://pmb.acdh.oeaw.ac.at/entity/946/,"https://iiif.onb.ac.at/images/AKON/AK072_515/515/full/400,/0/default.jpg",46.73901,11.63749,Vahrn
30,https://pmb.acdh.oeaw.ac.at/entity/92202/,False,48.205142,16.3566,Deutsches Volkstheater
30,https://pmb.acdh.oeaw.ac.at/entity/91524/,"https://iiif.onb.ac.at/images/AKON/AK120_083/083/full/400,/0/default.jpg",50.08804,14.42076,Prague
30,https://pmb.acdh.oeaw.ac.at/entity/43520/,"https://iiif.onb.ac.at/images/AKON/AK115_312/312/full/400,/0/default.jpg",46.66817,11.15953,Meran
30,https://pmb.acdh.oeaw.ac.at/entity/874/,"https://iiif.onb.ac.at/images/AKON/AK114_425/425/full/400,/0/default.jpg",47.91839,13.79933,Gmunden
29,https://pmb.acdh.oeaw.ac.at/entity/58/,False,48.21126,16.34706,"VIII., Josefstadt"
27,https://pmb.acdh.oeaw.ac.at/entity/662/,"https://iiif.onb.ac.at/images/AKON/AK104_447/447/full/400,/0/default.jpg",48.00543,16.23264,Baden bei Wien
26,https://pmb.acdh.oeaw.ac.at/entity/521/,"https://iiif.onb.ac.at/images/AKON/AK116_136/136/full/400,/0/default.jpg",47.11547,13.13467,Bad Gastein
26,https://pmb.acdh.oeaw.ac.at/entity/14/,False,48.210333,16.361139,Burgtheater
25,https://pmb.acdh.oeaw.ac.at/entity/34014/,False,47.119503,13.140375,Villa Dr. Wassing
24,https://pmb.acdh.oeaw.ac.at/entity/38096/,"https://iiif.onb.ac.at/images/AKON/AK117_068/068/full/400,/0/default.jpg",45.33771,14.30515,Opatija
22,https://pmb.acdh.oeaw.ac.at/entity/824/,False,47.753992,13.372111,Hotel und Pension Lueg
22,https://pmb.acdh.oeaw.ac.at/entity/484/,"https://iiif.onb.ac.at/images/AKON/AK080_420/420/full/400,/0/default.jpg",47.37174,8.54226,Zürich
21,https://pmb.acdh.oeaw.ac.at/entity/91417/,"https://iiif.onb.ac.at/images/AKON/AK100_104/104/full/400,/0/default.jpg",51.21551,2.927,Ostend
21,https://pmb.acdh.oeaw.ac.at/entity/1091/,False,55.826747,12.574733,Badehotel
21,https://pmb.acdh.oeaw.ac.at/entity/958/,False,55.8225,12.57324,Skodsborg
21,https://pmb.acdh.oeaw.ac.at/entity/146/,"https://iiif.onb.ac.at/images/AKON/AK111_495/495/full/400,/0/default.jpg",50.11552,8.68417,Frankfurt am Main
21,https://pmb.acdh.oeaw.ac.at/entity/263/,"https://iiif.onb.ac.at/images/AKON/AK123_580/580/full/400,/0/default.jpg",43.77925,11.24626,Florenz
20,https://pmb.acdh.oeaw.ac.at/entity/91003/,"https://iiif.onb.ac.at/images/AKON/AK066_389/389/full/400,/0/default.jpg",46.41147,11.58817,Carezza
20,https://pmb.acdh.oeaw.ac.at/entity/40709/,"https://iiif.onb.ac.at/images/AKON/AK114_108/108/full/400,/0/default.jpg",52.37403,4.88969,Amsterdam
18,https://pmb.acdh.oeaw.ac.at/entity/445/,"https://iiif.onb.ac.at/images/AKON/AK112_185/185/full/400,/0/default.jpg",41.89193,12.51133,Rom
18,https://pmb.acdh.oeaw.ac.at/entity/52051/,"https://iiif.onb.ac.at/images/AKON/AK086_189/189/full/400,/0/default.jpg",46.42863,6.92122,Territet
18,https://pmb.acdh.oeaw.ac.at/entity/987/,False,46.72493,12.22109,Toblach
17,https://pmb.acdh.oeaw.ac.at/entity/44493/,False,47.90938,11.2803,Tutzing
17,https://pmb.acdh.oeaw.ac.at/entity/90895/,"https://iiif.onb.ac.at/images/AKON/AK123_241/241/full/400,/0/default.jpg",47.55631,10.74085,Hohenschwangau
17,https://pmb.acdh.oeaw.ac.at/entity/44510/,False,48.090788,16.241739,Hotel Radetzky
17,https://pmb.acdh.oeaw.ac.at/entity/34946/,"https://iiif.onb.ac.at/images/AKON/AK121_069/069/full/400,/0/default.jpg",46.4955,9.90126,Pontresina
17,https://pmb.acdh.oeaw.ac.at/entity/91173/,"https://iiif.onb.ac.at/images/AKON/AK006_084/084/full/400,/0/default.jpg",47.56667,13.2,Pass Lueg
17,https://pmb.acdh.oeaw.ac.at/entity/1138/,False,46.512179,9.85759,Cresta Palace
16,https://pmb.acdh.oeaw.ac.at/entity/88/,False,52.509241,13.376984,Palasthotel Berlin
16,https://pmb.acdh.oeaw.ac.at/entity/36300/,"https://iiif.onb.ac.at/images/AKON/AK111_382/382/full/400,/0/default.jpg",55.67594,12.56553,Kopenhagen
16,https://pmb.acdh.oeaw.ac.at/entity/885/,"https://iiif.onb.ac.at/images/AKON/AK080_418/418/full/400,/0/default.jpg",46.01008,8.96004,Lugano
16,https://pmb.acdh.oeaw.ac.at/entity/92011/,"https://iiif.onb.ac.at/images/AKON/AK120_104/104/full/400,/0/default.jpg",46.61028,13.85583,Villach
16,https://pmb.acdh.oeaw.ac.at/entity/860/,"https://iiif.onb.ac.at/images/AKON/AK115_403/403/full/400,/0/default.jpg",47.06667,15.45,Graz
15,https://pmb.acdh.oeaw.ac.at/entity/90188/,"https://iiif.onb.ac.at/images/AKON/AK080_425/425/full/400,/0/default.jpg",46.49142,7.56031,Adelboden
15,https://pmb.acdh.oeaw.ac.at/entity/655/,False,47.71356,13.61926,Hotel Kaiserkrone
15,https://pmb.acdh.oeaw.ac.at/entity/169/,False,48.246838181084,16.300034240016,Pötzleinsdorf
15,https://pmb.acdh.oeaw.ac.at/entity/90550/,"https://iiif.onb.ac.at/images/AKON/AK115_474/474/full/400,/0/default.jpg",51.05089,13.73832,Dresden
15,https://pmb.acdh.oeaw.ac.at/entity/44172/,"https://iiif.onb.ac.at/images/AKON/AK120_024/024/full/400,/0/default.jpg",49.45421,11.07752,Nürnberg
14,https://pmb.acdh.oeaw.ac.at/entity/886/,"https://iiif.onb.ac.at/images/AKON/AK074_261/261/full/400,/0/default.jpg",45.46427,9.18951,Mailand
14,https://pmb.acdh.oeaw.ac.at/entity/170/,False,48.233119188484,16.28610371233,Neuwaldegg
14,https://pmb.acdh.oeaw.ac.at/entity/33/,"https://iiif.onb.ac.at/images/AKON/AK026_384/384/full/400,/0/default.jpg",47.76667,13.36667,St. Gilgen
14,https://pmb.acdh.oeaw.ac.at/entity/91330/,False,40.83333,14.25,Naples
14,https://pmb.acdh.oeaw.ac.at/entity/49990/,"https://iiif.onb.ac.at/images/AKON/AK079_527/527/full/400,/0/default.jpg",47.00601,9.50266,Bad Ragaz
13,https://pmb.acdh.oeaw.ac.at/entity/230/,False,47.802045,13.043401,Österreichischer Hof
13,https://pmb.acdh.oeaw.ac.at/entity/58810/,"https://iiif.onb.ac.at/images/AKON/AK118_088/088/full/400,/0/default.jpg",52.07667,4.29861,Den Haag
13,https://pmb.acdh.oeaw.ac.at/entity/53150/,False,47.94602,11.29326,Feldafing
13,https://pmb.acdh.oeaw.ac.at/entity/883/,"https://iiif.onb.ac.at/images/AKON/AK112_093/093/full/400,/0/default.jpg",50.08258,8.24932,Wiesbaden
13,https://pmb.acdh.oeaw.ac.at/entity/90392/,"https://iiif.onb.ac.at/images/AKON/AK117_081/081/full/400,/0/default.jpg",51.1,17.03333,Wroclaw
13,https://pmb.acdh.oeaw.ac.at/entity/91800/,"https://iiif.onb.ac.at/images/AKON/AK118_590/590/full/400,/0/default.jpg",47.1275,10.26372,Saint Anton
13,https://pmb.acdh.oeaw.ac.at/entity/909/,"https://iiif.onb.ac.at/images/AKON/AK111_468/468/full/400,/0/default.jpg",46.61301,14.0413,Velden am Wörthersee
12,https://pmb.acdh.oeaw.ac.at/entity/91153/,"https://iiif.onb.ac.at/images/AKON/AK116_542/542/full/400,/0/default.jpg",48.30639,14.28611,Linz
12,https://pmb.acdh.oeaw.ac.at/entity/43471/,"https://iiif.onb.ac.at/images/AKON/AK028_105/105/full/400,/0/default.jpg",47.49835,19.04045,Budapest
12,https://pmb.acdh.oeaw.ac.at/entity/41234/,False,52.516823,13.389865,Hotel Westminster
12,https://pmb.acdh.oeaw.ac.at/entity/506/,"https://iiif.onb.ac.at/images/AKON/AK119_239/239/full/400,/0/default.jpg",53.57532,10.01534,Hamburg
12,https://pmb.acdh.oeaw.ac.at/entity/64219/,False,48.25,16.33333,Döbling
12,https://pmb.acdh.oeaw.ac.at/entity/1119/,"https://iiif.onb.ac.at/images/AKON/AK095_223/223/full/400,/0/default.jpg",59.325,18.05,Stockholm
12,https://pmb.acdh.oeaw.ac.at/entity/90460/,False,46.43241,6.93855,Caux
12,https://pmb.acdh.oeaw.ac.at/entity/91944/,"https://iiif.onb.ac.at/images/AKON/AK116_527/527/full/400,/0/default.jpg",45.64953,13.77678,Trieste
12,https://pmb.acdh.oeaw.ac.at/entity/465/,"https://iiif.onb.ac.at/images/AKON/AK079_507/507/full/400,/0/default.jpg",45.88577,10.84117,Riva del Garda
11,https://pmb.acdh.oeaw.ac.at/entity/681/,False,48.143395,11.569993,Hotel Continental
11,https://pmb.acdh.oeaw.ac.at/entity/36282/,False,46.610344,14.057955,Pension Pundschu
11,https://pmb.acdh.oeaw.ac.at/entity/916/,"https://iiif.onb.ac.at/images/AKON/AK082_007/007/full/400,/0/default.jpg",46.68387,7.86638,Interlaken
11,https://pmb.acdh.oeaw.ac.at/entity/756/,False,45.333852,14.301821,Pension Quisisana
11,https://pmb.acdh.oeaw.ac.at/entity/91030/,"https://iiif.onb.ac.at/images/AKON/AK111_147/147/full/400,/0/default.jpg",46.62472,14.30528,Klagenfurt
11,https://pmb.acdh.oeaw.ac.at/entity/90771/,False,48.25,16.33333,Grinzing
11,https://pmb.acdh.oeaw.ac.at/entity/44246/,"https://iiif.onb.ac.at/images/AKON/AK121_477/477/full/400,/0/default.jpg",45.32673,14.44241,Rijeka
11,https://pmb.acdh.oeaw.ac.at/entity/92111/,"https://iiif.onb.ac.at/images/AKON/AK022_412/412/full/400,/0/default.jpg",48.41667,16.41667,Würnitz
11,https://pmb.acdh.oeaw.ac.at/entity/49210/,False,48.26667,16.23333,Steinriegl
11,https://pmb.acdh.oeaw.ac.at/entity/994/,"https://iiif.onb.ac.at/images/AKON/AK113_505/505/full/400,/0/default.jpg",44.40478,8.94439,Genua
11,https://pmb.acdh.oeaw.ac.at/entity/127/,False,52.516152,13.383456,Hotel Bristol
11,https://pmb.acdh.oeaw.ac.at/entity/92518/,False,48.181749,16.310494,Schönbrunn
10,https://pmb.acdh.oeaw.ac.at/entity/90693/,"https://iiif.onb.ac.at/images/AKON/AK116_389/389/full/400,/0/default.jpg",45.62396,10.56682,Gardone Riviera
10,https://pmb.acdh.oeaw.ac.at/entity/1223/,"https://iiif.onb.ac.at/images/AKON/AK090_023/023/full/400,/0/default.jpg",46.9489,7.4638,Bern
10,https://pmb.acdh.oeaw.ac.at/entity/43055/,False,50.08161,8.24473,Hôtel du Parc & Bristol
10,https://pmb.acdh.oeaw.ac.at/entity/51937/,False,47.90798,11.27453,Hotel Simson
10,https://pmb.acdh.oeaw.ac.at/entity/40858/,False,45.618146,10.560226,Grand Hotel Gardone
10,https://pmb.acdh.oeaw.ac.at/entity/2448/,"https://iiif.onb.ac.at/images/AKON/AK078_531/531/full/400,/0/default.jpg",46.8578,9.5215,Chur
10,https://pmb.acdh.oeaw.ac.at/entity/36456/,"https://iiif.onb.ac.at/images/AKON/AK086_438/438/full/400,/0/default.jpg",43.77649,7.50435,Menton
10,https://pmb.acdh.oeaw.ac.at/entity/92292/,False,48.248422,16.355191,Hohe Warte
9,https://pmb.acdh.oeaw.ac.at/entity/491/,False,48.74979,8.23933,Herchenbachstraße
9,https://pmb.acdh.oeaw.ac.at/entity/52580/,False,48.141240506268204,11.570521871552252,Parkhotel München
9,https://pmb.acdh.oeaw.ac.at/entity/34007/,"https://iiif.onb.ac.at/images/AKON/AK115_131/131/full/400,/0/default.jpg",46.01998,7.74863,Zermatt
9,https://pmb.acdh.oeaw.ac.at/entity/39752/,"https://iiif.onb.ac.at/images/AKON/AK098_054/054/full/400,/0/default.jpg",47.7123,11.7582,Tegernsee
9,https://pmb.acdh.oeaw.ac.at/entity/34048/,False,47.70896,11.75367,Hotel Post
9,https://pmb.acdh.oeaw.ac.at/entity/245/,False,52.51,13.374444,Hotel Esplanade
9,https://pmb.acdh.oeaw.ac.at/entity/865/,"https://iiif.onb.ac.at/images/AKON/AK111_201/201/full/400,/0/default.jpg",48.30521,16.32522,Klosterneuburg
9,https://pmb.acdh.oeaw.ac.at/entity/63/,False,48.17547,16.29101,"XIII., Hietzing"
8,https://pmb.acdh.oeaw.ac.at/entity/44153/,"https://iiif.onb.ac.at/images/AKON/AK117_234/234/full/400,/0/default.jpg",45.4299,10.98444,Verona
8,https://pmb.acdh.oeaw.ac.at/entity/140/,"https://iiif.onb.ac.at/images/AKON/AK119_104/104/full/400,/0/default.jpg",51.48158,11.97947,Halle an der Saale
8,https://pmb.acdh.oeaw.ac.at/entity/40474/,"https://iiif.onb.ac.at/images/AKON/AK078_577/577/full/400,/0/default.jpg",46.93857,11.44245,Gossensass
8,https://pmb.acdh.oeaw.ac.at/entity/682/,"https://iiif.onb.ac.at/images/AKON/AK023_206/206/full/400,/0/default.jpg",42.64807,18.09216,Dubrovnik
8,https://pmb.acdh.oeaw.ac.at/entity/1090/,False,52.515833,13.380556,Hotel Adlon
8,https://pmb.acdh.oeaw.ac.at/entity/545/,False,52.521572,13.388194,Hotel Savoy
7,https://pmb.acdh.oeaw.ac.at/entity/92109/,"https://iiif.onb.ac.at/images/AKON/AK007_294/294/full/400,/0/default.jpg",47.80485,16.23196,Wiener Neustadt
7,https://pmb.acdh.oeaw.ac.at/entity/906/,"https://iiif.onb.ac.at/images/AKON/AK123_143/143/full/400,/0/default.jpg",37.85358,15.28851,Taormina
7,https://pmb.acdh.oeaw.ac.at/entity/47414/,"https://iiif.onb.ac.at/images/AKON/AK020_165/165/full/400,/0/default.jpg",47.99521,16.04588,Neuhaus
7,https://pmb.acdh.oeaw.ac.at/entity/44248/,False,43.96388,10.17478,Forte dei Marmi
7,https://pmb.acdh.oeaw.ac.at/entity/842/,"https://iiif.onb.ac.at/images/AKON/AK074_234/234/full/400,/0/default.jpg",50.23271,12.87117,Karlsbad
7,https://pmb.acdh.oeaw.ac.at/entity/39615/,"https://iiif.onb.ac.at/images/AKON/AK071_483/483/full/400,/0/default.jpg",48.14816,17.10674,Bratislava
7,https://pmb.acdh.oeaw.ac.at/entity/91899/,"https://iiif.onb.ac.at/images/AKON/AK103_138/138/full/400,/0/default.jpg",46.69724,9.43938,Thusis
7,https://pmb.acdh.oeaw.ac.at/entity/91552/,False,48.20769,16.17539,Purkersdorf
7,https://pmb.acdh.oeaw.ac.at/entity/91572/,"https://iiif.onb.ac.at/images/AKON/AK048_419/419/full/400,/0/default.jpg",47.7,15.71667,Raxalpe
7,https://pmb.acdh.oeaw.ac.at/entity/954/,"https://iiif.onb.ac.at/images/AKON/AK009_055/055/full/400,/0/default.jpg",46.06787,11.12108,Trient
7,https://pmb.acdh.oeaw.ac.at/entity/91871/,"https://iiif.onb.ac.at/images/AKON/AK080_416/416/full/400,/0/default.jpg",46.77696,10.25848,Tarasp
7,https://pmb.acdh.oeaw.ac.at/entity/50817/,False,46.50083719693118,11.36266523227271,Hotel Stiegl
7,https://pmb.acdh.oeaw.ac.at/entity/44311/,"https://iiif.onb.ac.at/images/AKON/AK117_021/021/full/400,/0/default.jpg",46.26667,11.8,San Martino di Castrozza
7,https://pmb.acdh.oeaw.ac.at/entity/58094/,False,55.68301054011226,12.588912857735648,Hotel Phönix
7,https://pmb.acdh.oeaw.ac.at/entity/774/,False,53.557222,10.004722,Hotel Atlantic
7,https://pmb.acdh.oeaw.ac.at/entity/34050/,False,45.432304,12.336899,Hotel de l’Europe
7,https://pmb.acdh.oeaw.ac.at/entity/40201/,"https://iiif.onb.ac.at/images/AKON/AK117_016/016/full/400,/0/default.jpg",48.10917,16.29204,Brunn am Gebirge
7,https://pmb.acdh.oeaw.ac.at/entity/91067/,False,47.66667,15.81667,Kreuzberg
7,https://pmb.acdh.oeaw.ac.at/entity/34199/,"https://iiif.onb.ac.at/images/AKON/AK116_482/482/full/400,/0/default.jpg",46.5369,12.13903,Cortina d'Ampezzo
6,https://pmb.acdh.oeaw.ac.at/entity/91159/,False,47.53333,9.75,Lochau
6,https://pmb.acdh.oeaw.ac.at/entity/427/,"https://iiif.onb.ac.at/images/AKON/AK114_302/302/full/400,/0/default.jpg",46.22671,10.82582,Madonna di Campiglio
6,https://pmb.acdh.oeaw.ac.at/entity/92533/,False,48.244807,16.226574,Sofienalpe
6,https://pmb.acdh.oeaw.ac.at/entity/5862/,"https://iiif.onb.ac.at/images/AKON/AK084_438/438/full/400,/0/default.jpg",43.73976,7.42732,Monte Carlo
6,https://pmb.acdh.oeaw.ac.at/entity/15227/,"https://iiif.onb.ac.at/images/AKON/AK114_086/086/full/400,/0/default.jpg",38.71667,-9.13333,Lissabon
6,https://pmb.acdh.oeaw.ac.at/entity/40336/,"https://iiif.onb.ac.at/images/AKON/AK111_487/487/full/400,/0/default.jpg",47.32556,12.79444,Zell am See
6,https://pmb.acdh.oeaw.ac.at/entity/90913/,False,48.2,16.26667,Penzing
6,https://pmb.acdh.oeaw.ac.at/entity/50910/,False,45.436169051051536,12.337638888716349,Hotel Centrale Vapore
6,https://pmb.acdh.oeaw.ac.at/entity/145/,"https://iiif.onb.ac.at/images/AKON/AK111_252/252/full/400,/0/default.jpg",50.93333,6.95,Köln
6,https://pmb.acdh.oeaw.ac.at/entity/40321/,"https://iiif.onb.ac.at/images/AKON/AK033_541/541/full/400,/0/default.jpg",47.50311,9.7471,Bregenz
6,https://pmb.acdh.oeaw.ac.at/entity/91229/,"https://iiif.onb.ac.at/images/AKON/AK062_135/135/full/400,/0/default.jpg",46.41667,11.2,Passo della Mendola
6,https://pmb.acdh.oeaw.ac.at/entity/833/,"https://iiif.onb.ac.at/images/AKON/AK116_534/534/full/400,/0/default.jpg",49.19522,16.60796,Brünn
6,https://pmb.acdh.oeaw.ac.at/entity/562/,"https://iiif.onb.ac.at/images/AKON/AK116_160/160/full/400,/0/default.jpg",46.20222,6.14569,Genf
6,https://pmb.acdh.oeaw.ac.at/entity/304/,False,48.18636,16.30202,Ottakringer Bräu
6,https://pmb.acdh.oeaw.ac.at/entity/50004/,"https://iiif.onb.ac.at/images/AKON/AK087_561/561/full/400,/0/default.jpg",46.516,6.63282,Lausanne
6,https://pmb.acdh.oeaw.ac.at/entity/90747/,"https://iiif.onb.ac.at/images/AKON/AK115_219/219/full/400,/0/default.jpg",47.88677,15.29108,Gösing an der Mariazeller Bahn
6,https://pmb.acdh.oeaw.ac.at/entity/872/,"https://iiif.onb.ac.at/images/AKON/AK120_141/141/full/400,/0/default.jpg",48.78232,9.17702,Stuttgart
6,https://pmb.acdh.oeaw.ac.at/entity/44097/,"https://iiif.onb.ac.at/images/AKON/AK077_271/271/full/400,/0/default.jpg",28.09973,-15.41343,Las Palmas de Gran Canaria
6,https://pmb.acdh.oeaw.ac.at/entity/44278/,"https://iiif.onb.ac.at/images/AKON/AK125_019/019/full/400,/0/default.jpg",47.02251,14.47783,Pörtschach
6,https://pmb.acdh.oeaw.ac.at/entity/41063/,"https://iiif.onb.ac.at/images/AKON/AK099_302/302/full/400,/0/default.jpg",46.60206,9.95965,Zuoz
6,https://pmb.acdh.oeaw.ac.at/entity/91223/,"https://iiif.onb.ac.at/images/AKON/AK121_142/142/full/400,/0/default.jpg",48.22737,15.33186,Melk
6,https://pmb.acdh.oeaw.ac.at/entity/390/,"https://iiif.onb.ac.at/images/AKON/AK111_482/482/full/400,/0/default.jpg",50.12033,12.35174,Franzensbad
6,https://pmb.acdh.oeaw.ac.at/entity/992/,"https://iiif.onb.ac.at/images/AKON/AK065_329/329/full/400,/0/default.jpg",47.96533,16.21359,Bad Vöslau
6,https://pmb.acdh.oeaw.ac.at/entity/90727/,"https://iiif.onb.ac.at/images/AKON/AK115_597/597/full/400,/0/default.jpg",47.67487,15.93893,Gloggnitz
6,https://pmb.acdh.oeaw.ac.at/entity/531/,"https://iiif.onb.ac.at/images/AKON/AK012_600/600/full/400,/0/default.jpg",48.33333,15.41667,Wachau
5,https://pmb.acdh.oeaw.ac.at/entity/129/,False,52.48338,13.26586,Grunewald
5,https://pmb.acdh.oeaw.ac.at/entity/48761/,"https://iiif.onb.ac.at/images/AKON/AK003_486/486/full/400,/0/default.jpg",47.78709,15.91352,Puchberg am Schneeberg
5,https://pmb.acdh.oeaw.ac.at/entity/91054/,"https://iiif.onb.ac.at/images/AKON/AK111_327/327/full/400,/0/default.jpg",47.55567,12.97802,Königssee
5,https://pmb.acdh.oeaw.ac.at/entity/926/,"https://iiif.onb.ac.at/images/AKON/AK123_369/369/full/400,/0/default.jpg",43.70313,7.26608,Nizza
5,https://pmb.acdh.oeaw.ac.at/entity/36545/,"https://iiif.onb.ac.at/images/AKON/AK013_543/543/full/400,/0/default.jpg",48.40921,15.61415,Krems
5,https://pmb.acdh.oeaw.ac.at/entity/91641/,False,48.25,16.3,Salmannsdorf
5,https://pmb.acdh.oeaw.ac.at/entity/574/,False,48.27617,16.33255,Kahlenberg
5,https://pmb.acdh.oeaw.ac.at/entity/44725/,"https://iiif.onb.ac.at/images/AKON/AK111_060/060/full/400,/0/default.jpg",47.65,16.1,Kirchau
5,https://pmb.acdh.oeaw.ac.at/entity/40705/,False,59.329722,18.075556,Grand Hotel Stockholm
5,https://pmb.acdh.oeaw.ac.at/entity/44313/,"https://iiif.onb.ac.at/images/AKON/AK118_079/079/full/400,/0/default.jpg",52.10461,4.27557,Scheveningen
5,https://pmb.acdh.oeaw.ac.at/entity/431/,"https://iiif.onb.ac.at/images/AKON/AK117_040/040/full/400,/0/default.jpg",47.77306,15.31639,Mariazell
5,https://pmb.acdh.oeaw.ac.at/entity/40812/,False,45.883097,10.852736,Hotel du Lac
5,https://pmb.acdh.oeaw.ac.at/entity/90194/,"https://iiif.onb.ac.at/images/AKON/AK120_091/091/full/400,/0/default.jpg",47.57537,14.46075,Admont
5,https://pmb.acdh.oeaw.ac.at/entity/955/,"https://iiif.onb.ac.at/images/AKON/AK019_008/008/full/400,/0/default.jpg",50.6404,13.82451,Teplice
5,https://pmb.acdh.oeaw.ac.at/entity/40483/,False,46.4336,6.92619,Glion
5,https://pmb.acdh.oeaw.ac.at/entity/91780/,"https://iiif.onb.ac.at/images/AKON/AK053_552/552/full/400,/0/default.jpg",43.50891,16.43915,Split
5,https://pmb.acdh.oeaw.ac.at/entity/901/,"https://iiif.onb.ac.at/images/AKON/AK124_178/178/full/400,/0/default.jpg",38.13205,13.33561,Palermo
5,https://pmb.acdh.oeaw.ac.at/entity/46976/,False,48.30997,16.27616,Kierling
5,https://pmb.acdh.oeaw.ac.at/entity/91691/,"https://iiif.onb.ac.at/images/AKON/AK032_435/435/full/400,/0/default.jpg",47.78333,15.78333,Schneeberg
5,https://pmb.acdh.oeaw.ac.at/entity/44317/,"https://iiif.onb.ac.at/images/AKON/AK086_071/071/full/400,/0/default.jpg",46.62111,12.21722,Carbonin
5,https://pmb.acdh.oeaw.ac.at/entity/90705/,False,48.23333,16.31667,Gersthof
5,https://pmb.acdh.oeaw.ac.at/entity/54/,False,48.19198,16.36714,"IV., Wieden"
5,https://pmb.acdh.oeaw.ac.at/entity/90889/,False,48.13047,16.11437,Hochroterd
5,https://pmb.acdh.oeaw.ac.at/entity/91959/,"https://iiif.onb.ac.at/images/AKON/AK121_139/139/full/400,/0/default.jpg",48.32829,16.05858,Tulln
5,https://pmb.acdh.oeaw.ac.at/entity/49135/,"https://iiif.onb.ac.at/images/AKON/AK082_102/102/full/400,/0/default.jpg",46.29313,10.07889,Le Prese
5,https://pmb.acdh.oeaw.ac.at/entity/91893/,False,52.51667,13.36667,Tiergarten
4,https://pmb.acdh.oeaw.ac.at/entity/92091/,"https://iiif.onb.ac.at/images/AKON/AK041_233/233/full/400,/0/default.jpg",46.28556,13.86194,Lake Bohinj
4,https://pmb.acdh.oeaw.ac.at/entity/854/,"https://iiif.onb.ac.at/images/AKON/AK080_428/428/full/400,/0/default.jpg",47.55839,7.57327,Basel
4,https://pmb.acdh.oeaw.ac.at/entity/34860/,False,46.6992,13.98892,Steindorf am Ossiacher See
4,https://pmb.acdh.oeaw.ac.at/entity/44271/,"https://iiif.onb.ac.at/images/AKON/AK117_025/025/full/400,/0/default.jpg",48.18333,16.08333,Pressbaum
4,https://pmb.acdh.oeaw.ac.at/entity/40256/,False,47.6417738,13.7682587,Gasthaus Brunnthaler
4,https://pmb.acdh.oeaw.ac.at/entity/840/,"https://iiif.onb.ac.at/images/AKON/AK116_507/507/full/400,/0/default.jpg",47.41667,15.28333,Bruck an der Mur
4,https://pmb.acdh.oeaw.ac.at/entity/90733/,"https://iiif.onb.ac.at/images/AKON/AK115_064/064/full/400,/0/default.jpg",47.6,13.16667,Golling an der Salzach
4,https://pmb.acdh.oeaw.ac.at/entity/91131/,"https://iiif.onb.ac.at/images/AKON/AK021_513/513/full/400,/0/default.jpg",47.28075,13.02265,Lend
4,https://pmb.acdh.oeaw.ac.at/entity/54767/,"https://iiif.onb.ac.at/images/AKON/AK010_546/546/full/400,/0/default.jpg",48.17936,16.02433,Rekawinkel
4,https://pmb.acdh.oeaw.ac.at/entity/90787/,"https://iiif.onb.ac.at/images/AKON/AK082_325/325/full/400,/0/default.jpg",47.63333,13.86667,Grundlsee
4,https://pmb.acdh.oeaw.ac.at/entity/90797/,"https://iiif.onb.ac.at/images/AKON/AK118_426/426/full/400,/0/default.jpg",47.6,14.63333,Gstatterboden
4,https://pmb.acdh.oeaw.ac.at/entity/197/,"https://iiif.onb.ac.at/images/AKON/AK080_244/244/full/400,/0/default.jpg",50.9803,11.32903,Weimar
4,https://pmb.acdh.oeaw.ac.at/entity/55088/,"https://iiif.onb.ac.at/images/AKON/AK111_483/483/full/400,/0/default.jpg",47.6066,15.67226,Mürzzuschlag
4,https://pmb.acdh.oeaw.ac.at/entity/334/,False,52.511709,13.318058,Schillertheater
4,https://pmb.acdh.oeaw.ac.at/entity/49343/,"https://iiif.onb.ac.at/images/AKON/AK097_082/082/full/400,/0/default.jpg",46.46717,10.37008,Bormio
4,https://pmb.acdh.oeaw.ac.at/entity/90336/,"https://iiif.onb.ac.at/images/AKON/AK114_166/166/full/400,/0/default.jpg",46.62934,9.74762,Bergün
4,https://pmb.acdh.oeaw.ac.at/entity/896/,"https://iiif.onb.ac.at/images/AKON/AK076_221/221/full/400,/0/default.jpg",44.49381,11.33875,Bologna
4,https://pmb.acdh.oeaw.ac.at/entity/49309/,False,47.61105,13.78655,Gasthaus Post
4,https://pmb.acdh.oeaw.ac.at/entity/91111/,"https://iiif.onb.ac.at/images/AKON/AK039_066/066/full/400,/0/default.jpg",47.12575,10.56679,Landeck
4,https://pmb.acdh.oeaw.ac.at/entity/424/,"https://iiif.onb.ac.at/images/AKON/AK077_380/380/full/400,/0/default.jpg",47.76111,11.5589,Bad Tölz
4,https://pmb.acdh.oeaw.ac.at/entity/62/,False,48.17192,16.32586,"XII., Meidling"
4,https://pmb.acdh.oeaw.ac.at/entity/92085/,"https://iiif.onb.ac.at/images/AKON/AK115_576/576/full/400,/0/default.jpg",47.72223,14.32755,Windischgarsten
4,https://pmb.acdh.oeaw.ac.at/entity/44156/,"https://iiif.onb.ac.at/images/AKON/AK078_561/561/full/400,/0/default.jpg",45.40797,11.88586,Padua
4,https://pmb.acdh.oeaw.ac.at/entity/90845/,"https://iiif.onb.ac.at/images/AKON/AK119_505/505/full/400,/0/default.jpg",48.05559,16.12493,Heiligenkreuz
4,https://pmb.acdh.oeaw.ac.at/entity/897/,"https://iiif.onb.ac.at/images/AKON/AK124_407/407/full/400,/0/default.jpg",46.8289,12.76903,Lienz
4,https://pmb.acdh.oeaw.ac.at/entity/1246/,False,48.327778,16.209444,St. Andrä-Wördern
4,https://pmb.acdh.oeaw.ac.at/entity/43368/,False,53.553694,10.008484,Hotel zum Kronprinzen
4,https://pmb.acdh.oeaw.ac.at/entity/92031/,"https://iiif.onb.ac.at/images/AKON/AK039_046/046/full/400,/0/default.jpg",46.59712,11.53088,Waidbruck
4,https://pmb.acdh.oeaw.ac.at/entity/44119/,"https://iiif.onb.ac.at/images/AKON/AK078_035/035/full/400,/0/default.jpg",49.98419,8.2791,Mainz
4,https://pmb.acdh.oeaw.ac.at/entity/44368/,"https://iiif.onb.ac.at/images/AKON/AK121_574/574/full/400,/0/default.jpg",47.23306,9.6,Feldkirch
4,https://pmb.acdh.oeaw.ac.at/entity/44413/,False,48.08509,16.24801,Brühl
4,https://pmb.acdh.oeaw.ac.at/entity/892/,"https://iiif.onb.ac.at/images/AKON/AK120_541/541/full/400,/0/default.jpg",46.80429,9.83723,Davos
4,https://pmb.acdh.oeaw.ac.at/entity/176/,False,48.241960480337,16.276509500872,Dornbacher Park
4,https://pmb.acdh.oeaw.ac.at/entity/91284/,"https://iiif.onb.ac.at/images/AKON/AK086_202/202/full/400,/0/default.jpg",46.43301,6.91143,Montreux
4,https://pmb.acdh.oeaw.ac.at/entity/41212/,"https://iiif.onb.ac.at/images/AKON/AK114_330/330/full/400,/0/default.jpg",39.598055,19.852222,Korfu
4,https://pmb.acdh.oeaw.ac.at/entity/91274/,"https://iiif.onb.ac.at/images/AKON/AK119_110/110/full/400,/0/default.jpg",47.51062,16.03425,Mönichkirchen
4,https://pmb.acdh.oeaw.ac.at/entity/40804/,False,47.808997,13.045141,Hotel und Pension Nelböck
4,https://pmb.acdh.oeaw.ac.at/entity/44394/,False,48.26667,16.25,Weidlingbach
4,https://pmb.acdh.oeaw.ac.at/entity/91350/,"https://iiif.onb.ac.at/images/AKON/AK062_566/566/full/400,/0/default.jpg",46.73781,12.17266,Niederdorf
4,https://pmb.acdh.oeaw.ac.at/entity/41052/,False,46.8,13.5,Spittal an der Drau
4,https://pmb.acdh.oeaw.ac.at/entity/605/,"https://iiif.onb.ac.at/images/AKON/AK122_055/055/full/400,/0/default.jpg",46.5775,13.92556,Faakersee
4,https://pmb.acdh.oeaw.ac.at/entity/90286/,False,51.40574,13.19159,Außig
3,https://pmb.acdh.oeaw.ac.at/entity/44102/,False,48.11646,16.19956,Kaltenleutgeben
3,https://pmb.acdh.oeaw.ac.at/entity/91342/,"https://iiif.onb.ac.at/images/AKON/AK077_443/443/full/400,/0/default.jpg",47.55718,10.74935,Neuschwanstein Castle
3,https://pmb.acdh.oeaw.ac.at/entity/54863/,False,48.04538,16.2771,Gumpoldskirchen
3,https://pmb.acdh.oeaw.ac.at/entity/53850/,False,48.00909,16.23376,Grüner Baum
3,https://pmb.acdh.oeaw.ac.at/entity/49781/,"https://iiif.onb.ac.at/images/AKON/AK085_113/113/full/400,/0/default.jpg",46.17086,8.79953,Locarno
3,https://pmb.acdh.oeaw.ac.at/entity/92057/,"https://iiif.onb.ac.at/images/AKON/AK125_441/441/full/400,/0/default.jpg",47.66667,15.16667,Weichselboden
3,https://pmb.acdh.oeaw.ac.at/entity/34354/,False,48.30198,16.14492,Königstetten
3,https://pmb.acdh.oeaw.ac.at/entity/90567/,"https://iiif.onb.ac.at/images/AKON/AK111_550/550/full/400,/0/default.jpg",47.45601,10.97311,Eibsee
3,https://pmb.acdh.oeaw.ac.at/entity/42960/,False,45.54,17.88472,Orahovica
3,https://pmb.acdh.oeaw.ac.at/entity/92441/,False,48.2371,16.332489,Peter Jordan Straße
3,https://pmb.acdh.oeaw.ac.at/entity/92101/,"https://iiif.onb.ac.at/images/AKON/AK118_031/031/full/400,/0/default.jpg",46.55472,11.76038,Sëlva
3,https://pmb.acdh.oeaw.ac.at/entity/862/,"https://iiif.onb.ac.at/images/AKON/AK124_087/087/full/400,/0/default.jpg",50.85045,4.34878,Brüssel
3,https://pmb.acdh.oeaw.ac.at/entity/40302/,"https://iiif.onb.ac.at/images/AKON/AK115_559/559/full/400,/0/default.jpg",46.89313,11.42961,Sterzing
3,https://pmb.acdh.oeaw.ac.at/entity/36448/,False,50.82838,-0.13947,Brighton
3,https://pmb.acdh.oeaw.ac.at/entity/41069/,"https://iiif.onb.ac.at/images/AKON/AK103_152/152/full/400,/0/default.jpg",46.82295,13.60447,Millstatt
3,https://pmb.acdh.oeaw.ac.at/entity/92071/,False,46.47655,11.55704,Lavina Bianca
3,https://pmb.acdh.oeaw.ac.at/entity/1283/,False,40.750556,14.489722,Pompei
3,https://pmb.acdh.oeaw.ac.at/entity/92490/,False,48.205139,16.375,Ronacher
3,https://pmb.acdh.oeaw.ac.at/entity/608/,"https://iiif.onb.ac.at/images/AKON/AK039_130/130/full/400,/0/default.jpg",47.00528,11.50836,Brenner
3,https://pmb.acdh.oeaw.ac.at/entity/44267/,"https://iiif.onb.ac.at/images/AKON/AK076_310/310/full/400,/0/default.jpg",43.70853,10.4036,Pisa
3,https://pmb.acdh.oeaw.ac.at/entity/53786/,False,48.06833,16.35607,Laxenburg
3,https://pmb.acdh.oeaw.ac.at/entity/92471/,False,48.0816,16.2399,Radetzky
3,https://pmb.acdh.oeaw.ac.at/entity/34067/,False,48.010324,16.238308,Julienhof
3,https://pmb.acdh.oeaw.ac.at/entity/88392/,False,47.84462,13.78939,Traunkirchen
3,https://pmb.acdh.oeaw.ac.at/entity/90571/,"https://iiif.onb.ac.at/images/AKON/AK111_469/469/full/400,/0/default.jpg",47.53333,14.88333,Eisenerz
3,https://pmb.acdh.oeaw.ac.at/entity/91887/,False,48.15,14.03333,Thalheim bei Wels
3,https://pmb.acdh.oeaw.ac.at/entity/90442/,False,43.76408,7.48207,Roquebrune-Cap-Martin
3,https://pmb.acdh.oeaw.ac.at/entity/41003/,"https://iiif.onb.ac.at/images/AKON/AK018_139/139/full/400,/0/default.jpg",47.41667,13.21667,Bischofshofen
3,https://pmb.acdh.oeaw.ac.at/entity/90342/,False,46.30994,10.08814,Bernina District
3,https://pmb.acdh.oeaw.ac.at/entity/58684/,"https://iiif.onb.ac.at/images/AKON/AK078_209/209/full/400,/0/default.jpg",49.01513,12.10161,Regensburg
3,https://pmb.acdh.oeaw.ac.at/entity/49149/,"https://iiif.onb.ac.at/images/AKON/AK116_571/571/full/400,/0/default.jpg",42.42067,18.76825,Kotor
3,https://pmb.acdh.oeaw.ac.at/entity/91217/,False,48.15071,16.26856,Wien Mauer
3,https://pmb.acdh.oeaw.ac.at/entity/243/,False,48.248935842869,16.296768550115,Sommerhaidenweg
3,https://pmb.acdh.oeaw.ac.at/entity/851/,"https://iiif.onb.ac.at/images/AKON/AK111_480/480/full/400,/0/default.jpg",44.86833,13.84806,Pola
3,https://pmb.acdh.oeaw.ac.at/entity/44240/,"https://iiif.onb.ac.at/images/AKON/AK122_325/325/full/400,/0/default.jpg",50.9807,10.31522,Eisenach
3,https://pmb.acdh.oeaw.ac.at/entity/88963/,False,49.44914,11.079535,Hotel Deutscher Kaiser
3,https://pmb.acdh.oeaw.ac.at/entity/49181/,"https://iiif.onb.ac.at/images/AKON/AK032_434/434/full/400,/0/default.jpg",47.96004,14.77361,Waidhofen an der Ybbs
3,https://pmb.acdh.oeaw.ac.at/entity/258/,False,45.431739,12.333875,Grand Hotel Venezia
3,https://pmb.acdh.oeaw.ac.at/entity/1036/,False,47.875833333333,15.889166666667,Gutenstein
3,https://pmb.acdh.oeaw.ac.at/entity/92267/,False,52.512276,13.629529,Haendelstraße
3,https://pmb.acdh.oeaw.ac.at/entity/91165/,"https://iiif.onb.ac.at/images/AKON/AK005_601/601/full/400,/0/default.jpg",46.61667,14.25,Maria Loretto
3,https://pmb.acdh.oeaw.ac.at/entity/90753/,False,48.20883,16.36951,Graben
3,https://pmb.acdh.oeaw.ac.at/entity/103/,False,48.20809,16.36157,Volksgarten
3,https://pmb.acdh.oeaw.ac.at/entity/49880/,"https://iiif.onb.ac.at/images/AKON/AK037_018/018/full/400,/0/default.jpg",48.2,15.63333,St. Pölten
3,https://pmb.acdh.oeaw.ac.at/entity/596/,False,47.57143,10.70171,Füssen
3,https://pmb.acdh.oeaw.ac.at/entity/942/,False,48.24514,16.16793,Mauerbach
3,https://pmb.acdh.oeaw.ac.at/entity/575/,False,48.204824018066,16.379608025302,Stadtpark
3,https://pmb.acdh.oeaw.ac.at/entity/685/,False,48.214722,16.402222,Wurstelprater
3,https://pmb.acdh.oeaw.ac.at/entity/90508/,False,52.4581,13.28702,Dahlem
3,https://pmb.acdh.oeaw.ac.at/entity/383/,False,48.233816866614,16.337927920952,Hasenauerstraße
3,https://pmb.acdh.oeaw.ac.at/entity/62041/,"https://iiif.onb.ac.at/images/AKON/AK088_404/404/full/400,/0/default.jpg",50.33544,7.71369,Bad Ems
3,https://pmb.acdh.oeaw.ac.at/entity/36189/,"https://iiif.onb.ac.at/images/AKON/AK013_507/507/full/400,/0/default.jpg",47.54728,15.56248,Krieglach
3,https://pmb.acdh.oeaw.ac.at/entity/966/,False,41.01384,28.94966,Istanbul
3,https://pmb.acdh.oeaw.ac.at/entity/90821/,False,48.23333,16.2,Hainbach
3,https://pmb.acdh.oeaw.ac.at/entity/34194/,"https://iiif.onb.ac.at/images/AKON/AK058_243/243/full/400,/0/default.jpg",47.22729,12.82727,Fusch an der Großglocknerstraße
3,https://pmb.acdh.oeaw.ac.at/entity/40892/,"https://iiif.onb.ac.at/images/AKON/AK111_067/067/full/400,/0/default.jpg",47.60738,15.99103,Kirchberg am Wechsel
3,https://pmb.acdh.oeaw.ac.at/entity/91794/,"https://iiif.onb.ac.at/images/AKON/AK004_352/352/full/400,/0/default.jpg",47.66487,14.34014,Spital am Pyhrn
3,https://pmb.acdh.oeaw.ac.at/entity/1181/,"https://iiif.onb.ac.at/images/AKON/AK111_063/063/full/400,/0/default.jpg",47.730685,12.882423,Bad Reichenhall
3,https://pmb.acdh.oeaw.ac.at/entity/90472/,False,46.41417,6.92872,"Veytaux, château de Chillon"
3,https://pmb.acdh.oeaw.ac.at/entity/92273/,False,48.239251,16.334494,Hartäckerpark
3,https://pmb.acdh.oeaw.ac.at/entity/90396/,"https://iiif.onb.ac.at/images/AKON/AK097_459/459/full/400,/0/default.jpg",46.7545,8.03847,Brienz
3,https://pmb.acdh.oeaw.ac.at/entity/64740/,False,48.04808,16.3241,Guntramsdorf
3,https://pmb.acdh.oeaw.ac.at/entity/52262/,"https://iiif.onb.ac.at/images/AKON/AK088_339/339/full/400,/0/default.jpg",47.90348,11.31187,Starnberger See
3,https://pmb.acdh.oeaw.ac.at/entity/91482/,False,47.65,15.81667,Pinkenkogel
3,https://pmb.acdh.oeaw.ac.at/entity/36296/,False,59.91273,10.74609,Oslo
3,https://pmb.acdh.oeaw.ac.at/entity/53632/,"https://iiif.onb.ac.at/images/AKON/AK086_279/279/full/400,/0/default.jpg",46.9936,8.60538,Brunnen
3,https://pmb.acdh.oeaw.ac.at/entity/90687/,False,48.21667,16.28333,Galitzinberg
3,https://pmb.acdh.oeaw.ac.at/entity/505/,False,37.97945,23.71622,Athen
3,https://pmb.acdh.oeaw.ac.at/entity/90769/,"https://iiif.onb.ac.at/images/AKON/AK093_359/359/full/400,/0/default.jpg",46.62396,8.03601,Grindelwald
3,https://pmb.acdh.oeaw.ac.at/entity/91091/,False,48.15486,16.17359,Laab im Walde
3,https://pmb.acdh.oeaw.ac.at/entity/88187/,"https://iiif.onb.ac.at/images/AKON/AK082_015/015/full/400,/0/default.jpg",46.5588,7.8929,Mürren
3,https://pmb.acdh.oeaw.ac.at/entity/40725/,"https://iiif.onb.ac.at/images/AKON/AK087_082/082/full/400,/0/default.jpg",51.98583,5.84583,Oosterbeek
2,https://pmb.acdh.oeaw.ac.at/entity/55/,False,48.18646,16.35491,"V., Margareten"
2,https://pmb.acdh.oeaw.ac.at/entity/34305/,False,48.08347,16.263789,Liechtensteinstraße
2,https://pmb.acdh.oeaw.ac.at/entity/44129/,"https://iiif.onb.ac.at/images/AKON/AK076_151/151/full/400,/0/default.jpg",38.19394,15.55256,Messina
2,https://pmb.acdh.oeaw.ac.at/entity/49145/,False,37.94203,23.64619,Piraeus
2,https://pmb.acdh.oeaw.ac.at/entity/90538/,False,48.2644,16.37547,New Danube
2,https://pmb.acdh.oeaw.ac.at/entity/91705/,False,47.55718,10.71957,Schwan See
2,https://pmb.acdh.oeaw.ac.at/entity/90546/,False,48.23123,16.29337,Währing
2,https://pmb.acdh.oeaw.ac.at/entity/92013/,False,44.29844,9.95347,Villafranca in Lunigiana
2,https://pmb.acdh.oeaw.ac.at/entity/91663/,False,48.21575,16.26161,Satzberg
2,https://pmb.acdh.oeaw.ac.at/entity/91824/,False,46.49619,9.86875,Lej da Staz
2,https://pmb.acdh.oeaw.ac.at/entity/90981/,False,47.01702,12.6583,Kals am Großglockner
2,https://pmb.acdh.oeaw.ac.at/entity/43991/,"https://iiif.onb.ac.at/images/AKON/AK114_150/150/full/400,/0/default.jpg",36.73225,3.08746,Algiers
2,https://pmb.acdh.oeaw.ac.at/entity/48769/,"https://iiif.onb.ac.at/images/AKON/AK087_087/087/full/400,/0/default.jpg",37.07542,15.28664,Syrakus
2,https://pmb.acdh.oeaw.ac.at/entity/40808/,False,45.883272,10.846236,Palast Hotel Lido
2,https://pmb.acdh.oeaw.ac.at/entity/38726/,False,47.85717,14.66409,Weyer
2,https://pmb.acdh.oeaw.ac.at/entity/44151/,False,45.54672,11.5475,Vicenza
2,https://pmb.acdh.oeaw.ac.at/entity/91955/,False,48.2794,16.12209,Tulbing
2,https://pmb.acdh.oeaw.ac.at/entity/50925/,False,47.772499956947584,15.809797301585972,Fischerhütte
2,https://pmb.acdh.oeaw.ac.at/entity/92288/,False,48.234547,16.337784,Hochschulstraße
2,https://pmb.acdh.oeaw.ac.at/entity/91838/,False,47.61667,15.8,Steinhaus am Semmering
2,https://pmb.acdh.oeaw.ac.at/entity/90126/,"https://iiif.onb.ac.at/images/AKON/AK085_573/573/full/400,/0/default.jpg",46.35356,10.91246,Malé
2,https://pmb.acdh.oeaw.ac.at/entity/56/,False,48.19522,16.35032,"VI., Mariahilf"
2,https://pmb.acdh.oeaw.ac.at/entity/44392/,False,48.291,16.30865,Weidling
2,https://pmb.acdh.oeaw.ac.at/entity/92458/,False,48.208925,16.405287,Prater Hauptallee
2,https://pmb.acdh.oeaw.ac.at/entity/90428/,"https://iiif.onb.ac.at/images/AKON/AK082_269/269/full/400,/0/default.jpg",45.99367,11.26426,Caldonazzo
2,https://pmb.acdh.oeaw.ac.at/entity/44521/,"https://iiif.onb.ac.at/images/AKON/AK114_322/322/full/400,/0/default.jpg",43.5942,13.50337,Ancona
2,https://pmb.acdh.oeaw.ac.at/entity/91568/,False,48.2109,16.35978,Rathauspark
2,https://pmb.acdh.oeaw.ac.at/entity/92236/,False,48.233323,16.323771,Ferrogasse
2,https://pmb.acdh.oeaw.ac.at/entity/629/,"https://iiif.onb.ac.at/images/AKON/AK081_433/433/full/400,/0/default.jpg",40.62678,14.37771,Sorrent
2,https://pmb.acdh.oeaw.ac.at/entity/91143/,False,45.4105,12.36649,Lido
2,https://pmb.acdh.oeaw.ac.at/entity/90386/,False,41.10164,29.06097,Bosporus
2,https://pmb.acdh.oeaw.ac.at/entity/91449/,False,41.03694,28.9775,Beyoğlu
2,https://pmb.acdh.oeaw.ac.at/entity/49452/,False,48.17381,16.28929,Lainz
2,https://pmb.acdh.oeaw.ac.at/entity/44252/,False,56.12196,12.31056,Gilleleje
2,https://pmb.acdh.oeaw.ac.at/entity/91592/,False,48.25022,16.09456,Riederberg
2,https://pmb.acdh.oeaw.ac.at/entity/90172/,False,47.55,16.01667,Sankt Peter am Wechsel
2,https://pmb.acdh.oeaw.ac.at/entity/91504/,"https://iiif.onb.ac.at/images/AKON/AK101_007/007/full/400,/0/default.jpg",46.48772,11.81358,Passo Pordoi
2,https://pmb.acdh.oeaw.ac.at/entity/92168/,False,48.236893,16.341417,Blaasstraße
2,https://pmb.acdh.oeaw.ac.at/entity/91606/,"https://iiif.onb.ac.at/images/AKON/AK003_355/355/full/400,/0/default.jpg",48.13307,16.25839,Rodaun
2,https://pmb.acdh.oeaw.ac.at/entity/47966/,"https://iiif.onb.ac.at/images/AKON/AK114_089/089/full/400,/0/default.jpg",50.76711,15.05619,Liberec
2,https://pmb.acdh.oeaw.ac.at/entity/53152/,False,47.94933649585533,11.298363683529006,Hotel Kaiserin Elisabeth
2,https://pmb.acdh.oeaw.ac.at/entity/41156/,False,46.53456,11.56208,Burg Salegg
2,https://pmb.acdh.oeaw.ac.at/entity/51945/,False,46.537267233027,11.555829781650656,Hotel Salegg
2,https://pmb.acdh.oeaw.ac.at/entity/54760/,"https://iiif.onb.ac.at/images/AKON/AK096_531/531/full/400,/0/default.jpg",47.08333,13.11667,Böckstein
2,https://pmb.acdh.oeaw.ac.at/entity/90881/,False,48.3,16.21667,Hintersdorf
2,https://pmb.acdh.oeaw.ac.at/entity/90979/,False,48.13754,16.24599,Kalksburg
2,https://pmb.acdh.oeaw.ac.at/entity/365/,False,42.64262,18.10491,Hotel Imperial
2,https://pmb.acdh.oeaw.ac.at/entity/173/,False,48.132793312328,16.256152195922,Rodaun
2,https://pmb.acdh.oeaw.ac.at/entity/90/,False,50.0839,14.42777,Palasthotel Prag
2,https://pmb.acdh.oeaw.ac.at/entity/51797/,"https://iiif.onb.ac.at/images/AKON/AK115_143/143/full/400,/0/default.jpg",47.58417,13.53447,Gosau
2,https://pmb.acdh.oeaw.ac.at/entity/90581/,False,47.45998,11.17985,Elmau
2,https://pmb.acdh.oeaw.ac.at/entity/45277/,False,47.64168,15.86924,Maria Schutz
2,https://pmb.acdh.oeaw.ac.at/entity/941/,False,47.8612,15.02998,Lunz am See
2,https://pmb.acdh.oeaw.ac.at/entity/56525/,False,47.497444816,19.053534,Ritz-Carlton Budapest
2,https://pmb.acdh.oeaw.ac.at/entity/90252/,"https://iiif.onb.ac.at/images/AKON/AK114_262/262/full/400,/0/default.jpg",51.22047,4.40026,Antwerp
2,https://pmb.acdh.oeaw.ac.at/entity/47658/,False,50.90395,-1.40428,Southampton
2,https://pmb.acdh.oeaw.ac.at/entity/90601/,False,47.88333,15.26667,Erlaufboden
2,https://pmb.acdh.oeaw.ac.at/entity/91867/,False,46.76891,12.11397,Taisten
2,https://pmb.acdh.oeaw.ac.at/entity/92316/,False,48.253174,16.332896,Kaasgraben
2,https://pmb.acdh.oeaw.ac.at/entity/90969/,False,48.27475,16.35468,Kahlenbergerdorf
2,https://pmb.acdh.oeaw.ac.at/entity/91776/,"https://iiif.onb.ac.at/images/AKON/AK116_584/584/full/400,/0/default.jpg",47.61667,15.85,Sonnwendstein
2,https://pmb.acdh.oeaw.ac.at/entity/817/,False,48.232758510924,16.323609150468,Gersthofer Straße
2,https://pmb.acdh.oeaw.ac.at/entity/52353/,False,47.61973,15.14557,Hochschwab
2,https://pmb.acdh.oeaw.ac.at/entity/90843/,"https://iiif.onb.ac.at/images/AKON/AK119_494/494/full/400,/0/default.jpg",47.03979,12.84345,Heiligenblut am Großglockner
2,https://pmb.acdh.oeaw.ac.at/entity/92390/,False,52.50969,13.368132,Matthäikirchstr.
2,https://pmb.acdh.oeaw.ac.at/entity/50822/,"https://iiif.onb.ac.at/images/AKON/AK111_195/195/full/400,/0/default.jpg",46.53861,11.46552,Klobenstein
2,https://pmb.acdh.oeaw.ac.at/entity/91383/,"https://iiif.onb.ac.at/images/AKON/AK118_039/039/full/400,/0/default.jpg",46.93667,13.20417,Obervellach
2,https://pmb.acdh.oeaw.ac.at/entity/37658/,False,48.21171,16.37448,Seitenstettengasse
2,https://pmb.acdh.oeaw.ac.at/entity/90400/,"https://iiif.onb.ac.at/images/AKON/AK097_465/465/full/400,/0/default.jpg",46.31667,7.98333,Brig
2,https://pmb.acdh.oeaw.ac.at/entity/90484/,"https://iiif.onb.ac.at/images/AKON/AK108_197/197/full/400,/0/default.jpg",38.80097,-9.37826,Sintra
2,https://pmb.acdh.oeaw.ac.at/entity/47911/,False,38.24444,21.73444,Pátrai
2,https://pmb.acdh.oeaw.ac.at/entity/2351/,"https://iiif.onb.ac.at/images/AKON/AK093_336/336/full/400,/0/default.jpg",50.6912,10.9199,Ilmenau
2,https://pmb.acdh.oeaw.ac.at/entity/90468/,False,46.32063,9.39816,Chiavenna
2,https://pmb.acdh.oeaw.ac.at/entity/90129/,False,46.21482,10.16335,Tirano
2,https://pmb.acdh.oeaw.ac.at/entity/40655/,"https://iiif.onb.ac.at/images/AKON/AK082_018/018/full/400,/0/default.jpg",47.42391,9.37477,St. Gallen
2,https://pmb.acdh.oeaw.ac.at/entity/631/,"https://iiif.onb.ac.at/images/AKON/AK081_143/143/full/400,/0/default.jpg",47.9959,7.85222,Freiburg im Breisgau
2,https://pmb.acdh.oeaw.ac.at/entity/91975/,False,52.51784,13.38736,Unter den Linden
2,https://pmb.acdh.oeaw.ac.at/entity/39966/,"https://iiif.onb.ac.at/images/AKON/AK079_232/232/full/400,/0/default.jpg",48.39841,9.99155,Ulm
2,https://pmb.acdh.oeaw.ac.at/entity/90929/,"https://iiif.onb.ac.at/images/AKON/AK121_227/227/full/400,/0/default.jpg",46.7324,12.27855,Innichen
2,https://pmb.acdh.oeaw.ac.at/entity/60525/,"https://iiif.onb.ac.at/images/AKON/AK091_396/396/full/400,/0/default.jpg",45.80819,9.0832,Como
2,https://pmb.acdh.oeaw.ac.at/entity/40933/,False,50.705556,10.725,Oberhof
2,https://pmb.acdh.oeaw.ac.at/entity/90825/,"https://iiif.onb.ac.at/images/AKON/AK118_557/557/full/400,/0/default.jpg",48.0339,15.77414,Hainfeld
2,https://pmb.acdh.oeaw.ac.at/entity/91812/,"https://iiif.onb.ac.at/images/AKON/AK083_050/050/full/400,/0/default.jpg",46.76806,14.36028,Sankt Veit an der Glan
2,https://pmb.acdh.oeaw.ac.at/entity/34627/,"https://iiif.onb.ac.at/images/AKON/AK125_451/451/full/400,/0/default.jpg",47.65,14.98333,Wildalpen
2,https://pmb.acdh.oeaw.ac.at/entity/91932/,False,46.55672,12.20259,Passo Tre Croci
2,https://pmb.acdh.oeaw.ac.at/entity/920/,"https://iiif.onb.ac.at/images/AKON/AK111_545/545/full/400,/0/default.jpg",49.9789,7.92442,Rüdesheim
2,https://pmb.acdh.oeaw.ac.at/entity/41013/,"https://iiif.onb.ac.at/images/AKON/AK076_138/138/full/400,/0/default.jpg",46.58108,12.25275,Misurina
2,https://pmb.acdh.oeaw.ac.at/entity/91514/,False,46.32441,10.05823,Poschiavo
2,https://pmb.acdh.oeaw.ac.at/entity/91490/,False,46.64949,12.18531,Prato Piazza
2,https://pmb.acdh.oeaw.ac.at/entity/91526/,"https://iiif.onb.ac.at/images/AKON/AK036_517/517/full/400,/0/default.jpg",46.72023,12.13339,Braies
2,https://pmb.acdh.oeaw.ac.at/entity/91348/,False,50.70146,-1.29124,Newport
2,https://pmb.acdh.oeaw.ac.at/entity/91298/,"https://iiif.onb.ac.at/images/AKON/AK089_369/369/full/400,/0/default.jpg",46.45112,9.94077,Morteratsch
2,https://pmb.acdh.oeaw.ac.at/entity/91715/,"https://iiif.onb.ac.at/images/AKON/AK004_313/313/full/400,/0/default.jpg",47.69936,16.14484,Seebenstein
2,https://pmb.acdh.oeaw.ac.at/entity/45549/,"https://iiif.onb.ac.at/images/AKON/AK118_225/225/full/400,/0/default.jpg",46.45347,16.99104,Nagykanizsa
2,https://pmb.acdh.oeaw.ac.at/entity/90087/,False,47.33839,15.01784,Sankt Michael in Obersteiermark
2,https://pmb.acdh.oeaw.ac.at/entity/90290/,"https://iiif.onb.ac.at/images/AKON/AK104_524/524/full/400,/0/default.jpg",46.98613,8.61619,Axenstein
2,https://pmb.acdh.oeaw.ac.at/entity/90689/,"https://iiif.onb.ac.at/images/AKON/AK116_371/371/full/400,/0/default.jpg",47.929,15.08818,Gaming
2,https://pmb.acdh.oeaw.ac.at/entity/40435/,False,47.216326,12.726278,Alpenhaus Kesselfall
2,https://pmb.acdh.oeaw.ac.at/entity/90515/,False,47.36493,7.34453,Delémont
2,https://pmb.acdh.oeaw.ac.at/entity/890/,"https://iiif.onb.ac.at/images/AKON/AK111_466/466/full/400,/0/default.jpg",52.37052,9.73322,Hannover
2,https://pmb.acdh.oeaw.ac.at/entity/90148/,False,47.16667,12.71667,Berghaus Moserboden
2,https://pmb.acdh.oeaw.ac.at/entity/64277/,False,50.0415,8.24878,Biebrich
2,https://pmb.acdh.oeaw.ac.at/entity/64657/,"https://iiif.onb.ac.at/images/AKON/AK086_188/188/full/400,/0/default.jpg",46.46299,6.84345,Vevey
2,https://pmb.acdh.oeaw.ac.at/entity/92021/,False,47.01014,8.4842,Vitznau
2,https://pmb.acdh.oeaw.ac.at/entity/63056/,False,47.36667,12.81667,Kammer
2,https://pmb.acdh.oeaw.ac.at/entity/40362/,False,46.41898,11.67418,Vigo di Fassa
2,https://pmb.acdh.oeaw.ac.at/entity/91077/,False,48.32932,16.30011,Kritzendorf
2,https://pmb.acdh.oeaw.ac.at/entity/90182/,False,48.4,15.98333,Absdorf
2,https://pmb.acdh.oeaw.ac.at/entity/90446/,"https://iiif.onb.ac.at/images/AKON/AK107_453/453/full/400,/0/default.jpg",46.43783,11.99438,Caprile
2,https://pmb.acdh.oeaw.ac.at/entity/34344/,False,47.8004,13.5358,Weißenbach am Attersee
2,https://pmb.acdh.oeaw.ac.at/entity/91973/,"https://iiif.onb.ac.at/images/AKON/AK024_261/261/full/400,/0/default.jpg",47.80522,13.48939,Unterach am Attersee
2,https://pmb.acdh.oeaw.ac.at/entity/34057/,"https://iiif.onb.ac.at/images/AKON/AK084_461/461/full/400,/0/default.jpg",46.99179,6.931,Neuchâtel
2,https://pmb.acdh.oeaw.ac.at/entity/912/,"https://iiif.onb.ac.at/images/AKON/AK118_588/588/full/400,/0/default.jpg",47.80716,13.779,Ebensee
2,https://pmb.acdh.oeaw.ac.at/entity/91431/,False,46.3,11.73333,Paneveggio
2,https://pmb.acdh.oeaw.ac.at/entity/91604/,"https://iiif.onb.ac.at/images/AKON/AK086_203/203/full/400,/0/default.jpg",46.4318,6.97602,Rochers de Naye
2,https://pmb.acdh.oeaw.ac.at/entity/33929/,False,47.58475,12.69333,Lofer
2,https://pmb.acdh.oeaw.ac.at/entity/64703/,"https://iiif.onb.ac.at/images/AKON/AK110_496/496/full/400,/0/default.jpg",47.64085,11.74485,Kreuth
2,https://pmb.acdh.oeaw.ac.at/entity/996/,"https://iiif.onb.ac.at/images/AKON/AK118_599/599/full/400,/0/default.jpg",47.35,13.2,St. Johann im Pongau
2,https://pmb.acdh.oeaw.ac.at/entity/90956/,"https://iiif.onb.ac.at/images/AKON/AK066_186/186/full/400,/0/default.jpg",47.39173,11.77245,Jenbach
2,https://pmb.acdh.oeaw.ac.at/entity/87802/,"https://iiif.onb.ac.at/images/AKON/AK118_298/298/full/400,/0/default.jpg",47.7526,13.95658,Almsee
2,https://pmb.acdh.oeaw.ac.at/entity/90186/,"https://iiif.onb.ac.at/images/AKON/AK068_385/385/full/400,/0/default.jpg",47.46556,11.70924,Achen Lake
2,https://pmb.acdh.oeaw.ac.at/entity/91846/,"https://iiif.onb.ac.at/images/AKON/AK121_601/601/full/400,/0/default.jpg",46.53333,10.45,"Stelvio, Giogo dello"
2,https://pmb.acdh.oeaw.ac.at/entity/91681/,"https://iiif.onb.ac.at/images/AKON/AK120_119/119/full/400,/0/default.jpg",47.39289,13.68699,Schladming
2,https://pmb.acdh.oeaw.ac.at/entity/91073/,"https://iiif.onb.ac.at/images/AKON/AK116_328/328/full/400,/0/default.jpg",47.21799,12.17487,Krimml
2,https://pmb.acdh.oeaw.ac.at/entity/53229/,"https://iiif.onb.ac.at/images/AKON/AK123_401/401/full/400,/0/default.jpg",46.9028,8.6249,Flüelen
2,https://pmb.acdh.oeaw.ac.at/entity/43062/,False,46.616526,13.849003,Hotel Mosser
2,https://pmb.acdh.oeaw.ac.at/entity/43040/,"https://iiif.onb.ac.at/images/AKON/AK097_500/500/full/400,/0/default.jpg",46.71503,11.65598,Brixen
2,https://pmb.acdh.oeaw.ac.at/entity/91697/,False,47.07092,9.94746,Schruns
2,https://pmb.acdh.oeaw.ac.at/entity/91618/,"https://iiif.onb.ac.at/images/AKON/AK067_126/126/full/400,/0/default.jpg",48.62809,15.64058,Rosenburg
2,https://pmb.acdh.oeaw.ac.at/entity/90237/,"https://iiif.onb.ac.at/images/AKON/AK122_543/543/full/400,/0/default.jpg",47.90219,13.76415,Altmünster
2,https://pmb.acdh.oeaw.ac.at/entity/39637/,"https://iiif.onb.ac.at/images/AKON/AK006_387/387/full/400,/0/default.jpg",46.79222,13.59194,Millstätter See
2,https://pmb.acdh.oeaw.ac.at/entity/34112/,"https://iiif.onb.ac.at/images/AKON/AK100_513/513/full/400,/0/default.jpg",46.42466,12.36416,Pieve di Cadore
2,https://pmb.acdh.oeaw.ac.at/entity/90134/,False,47.77325,15.73019,Singerin
2,https://pmb.acdh.oeaw.ac.at/entity/90264/,False,47.06337,8.52349,Arth
2,https://pmb.acdh.oeaw.ac.at/entity/91221/,"https://iiif.onb.ac.at/images/AKON/AK089_114/114/full/400,/0/default.jpg",46.72709,8.1872,Meiringen
2,https://pmb.acdh.oeaw.ac.at/entity/46447/,"https://iiif.onb.ac.at/images/AKON/AK105_256/256/full/400,/0/default.jpg",48.03832,14.20773,Bad Hall
2,https://pmb.acdh.oeaw.ac.at/entity/44397/,"https://iiif.onb.ac.at/images/AKON/AK075_431/431/full/400,/0/default.jpg",48.16667,14.03333,Wels
2,https://pmb.acdh.oeaw.ac.at/entity/36328/,"https://iiif.onb.ac.at/images/AKON/AK001_497/497/full/400,/0/default.jpg",47.3765,15.09144,Leoben
2,https://pmb.acdh.oeaw.ac.at/entity/90322/,"https://iiif.onb.ac.at/images/AKON/AK095_400/400/full/400,/0/default.jpg",45.98772,9.26182,Bellagio
2,https://pmb.acdh.oeaw.ac.at/entity/90875/,"https://iiif.onb.ac.at/images/AKON/AK115_526/526/full/400,/0/default.jpg",47.60639,14.74503,Hieflau
2,https://pmb.acdh.oeaw.ac.at/entity/90725/,"https://iiif.onb.ac.at/images/AKON/AK115_582/582/full/400,/0/default.jpg",46.56226,8.36196,Gletsch
2,https://pmb.acdh.oeaw.ac.at/entity/45236/,"https://iiif.onb.ac.at/images/AKON/AK115_525/525/full/400,/0/default.jpg",47.56667,14.23333,Liezen
2,https://pmb.acdh.oeaw.ac.at/entity/91147/,"https://iiif.onb.ac.at/images/AKON/AK058_277/277/full/400,/0/default.jpg",48.01312,15.59664,Lilienfeld
2,https://pmb.acdh.oeaw.ac.at/entity/90426/,"https://iiif.onb.ac.at/images/AKON/AK091_059/059/full/400,/0/default.jpg",45.98861,9.23615,Cadenabbia
2,https://pmb.acdh.oeaw.ac.at/entity/90243/,"https://iiif.onb.ac.at/images/AKON/AK019_177/177/full/400,/0/default.jpg",48.1229,14.87206,Amstetten
2,https://pmb.acdh.oeaw.ac.at/entity/91598/,"https://iiif.onb.ac.at/images/AKON/AK086_283/283/full/400,/0/default.jpg",47.0555,8.48447,Rigi Kulm
2,https://pmb.acdh.oeaw.ac.at/entity/90374/,False,49.06694,8.35278,Bodensee
2,https://pmb.acdh.oeaw.ac.at/entity/91227/,"https://iiif.onb.ac.at/images/AKON/AK076_161/161/full/400,/0/default.jpg",46.02075,9.23907,Menaggio
2,https://pmb.acdh.oeaw.ac.at/entity/91798/,False,46.63368,10.6134,Spondigna
2,https://pmb.acdh.oeaw.ac.at/entity/91081/,"https://iiif.onb.ac.at/images/AKON/AK056_430/430/full/400,/0/default.jpg",46.62526,14.21664,Krumpendorf
2,https://pmb.acdh.oeaw.ac.at/entity/90695/,"https://iiif.onb.ac.at/images/AKON/AK086_058/058/full/400,/0/default.jpg",46.96743,9.91825,Gargellen
2,https://pmb.acdh.oeaw.ac.at/entity/884/,"https://iiif.onb.ac.at/images/AKON/AK085_304/304/full/400,/0/default.jpg",53.86893,10.68729,Lübeck
2,https://pmb.acdh.oeaw.ac.at/entity/40290/,"https://iiif.onb.ac.at/images/AKON/AK124_556/556/full/400,/0/default.jpg",63.43049,10.39506,Trondheim
2,https://pmb.acdh.oeaw.ac.at/entity/92005/,False,50.59449,-1.20672,Ventnor
2,https://pmb.acdh.oeaw.ac.at/entity/91918/,"https://iiif.onb.ac.at/images/AKON/AK124_302/302/full/400,/0/default.jpg",46.5517,10.50988,Trafoi
2,https://pmb.acdh.oeaw.ac.at/entity/91105/,"https://iiif.onb.ac.at/images/AKON/AK001_228/228/full/400,/0/default.jpg",48.09276,13.87453,Lambach
2,https://pmb.acdh.oeaw.ac.at/entity/90132/,False,46.32652,10.31856,Bolladore
2,https://pmb.acdh.oeaw.ac.at/entity/735/,"https://iiif.onb.ac.at/images/AKON/AK002_103/103/full/400,/0/default.jpg",50.816944,15.609444,Agnetendorf
2,https://pmb.acdh.oeaw.ac.at/entity/90320/,False,45.6799,18.40073,Belišće
2,https://pmb.acdh.oeaw.ac.at/entity/92029/,"https://iiif.onb.ac.at/images/AKON/AK081_417/417/full/400,/0/default.jpg",60.62869,6.41474,Voss
1,https://pmb.acdh.oeaw.ac.at/entity/51263/,False,48.16602,11.618,Mauerkircherstraße
1,https://pmb.acdh.oeaw.ac.at/entity/58556/,"https://iiif.onb.ac.at/images/AKON/AK111_228/228/full/400,/0/default.jpg",50.35357,7.57883,Koblenz
1,https://pmb.acdh.oeaw.ac.at/entity/92467/,False,48.1358,11.5711,Pschorrbräu
1,https://pmb.acdh.oeaw.ac.at/entity/91443/,False,52.47023,13.26268,Grunewaldsee
1,https://pmb.acdh.oeaw.ac.at/entity/91582/,False,47.48333,10.71667,Reutte
1,https://pmb.acdh.oeaw.ac.at/entity/92394/,False,52.510915,13.38678,Mauerstr.
1,https://pmb.acdh.oeaw.ac.at/entity/90625/,False,47.36667,10.83333,Fernpass
1,https://pmb.acdh.oeaw.ac.at/entity/91139/,False,47.40358,10.8807,Lermoos
1,https://pmb.acdh.oeaw.ac.at/entity/53/,False,48.19811,16.39482,"III., Landstraße"
1,https://pmb.acdh.oeaw.ac.at/entity/49664/,False,47.4,10.91667,Ehrwald
1,https://pmb.acdh.oeaw.ac.at/entity/91369/,False,48.15853,11.49857,Nymphenburg
1,https://pmb.acdh.oeaw.ac.at/entity/91770/,"https://iiif.onb.ac.at/images/AKON/AK035_095/095/full/400,/0/default.jpg",47.89834,16.24833,Sollenau
1,https://pmb.acdh.oeaw.ac.at/entity/90233/,"https://iiif.onb.ac.at/images/AKON/AK002_010/010/full/400,/0/default.jpg",48.01553,15.99661,Altenmarkt an der Triesting
1,https://pmb.acdh.oeaw.ac.at/entity/91251/,False,48.57795,16.57791,Mistelbach
1,https://pmb.acdh.oeaw.ac.at/entity/92296/,False,52.48829,13.284529,Hubertus Allee
1,https://pmb.acdh.oeaw.ac.at/entity/91016/,False,48.1379,11.5728,Kaufingerstraße
1,https://pmb.acdh.oeaw.ac.at/entity/90225/,False,47.5493,10.72394,Alpsee
1,https://pmb.acdh.oeaw.ac.at/entity/44258/,"https://iiif.onb.ac.at/images/AKON/AK118_572/572/full/400,/0/default.jpg",47.68333,13.1,Hallein
1,https://pmb.acdh.oeaw.ac.at/entity/92059/,False,48.2074,16.21453,Weidlingau
1,https://pmb.acdh.oeaw.ac.at/entity/91820/,False,60.83626,6.6799,Stalheim
1,https://pmb.acdh.oeaw.ac.at/entity/42572/,False,58.97005,5.73332,Stavanger
1,https://pmb.acdh.oeaw.ac.at/entity/92280/,False,48.220587,16.323928,Hernalser Hauptstr.
1,https://pmb.acdh.oeaw.ac.at/entity/90138/,False,60.06697,6.54541,Odda
1,https://pmb.acdh.oeaw.ac.at/entity/35625/,"https://iiif.onb.ac.at/images/AKON/AK076_432/432/full/400,/0/default.jpg",60.39299,5.32415,Bergen
1,https://pmb.acdh.oeaw.ac.at/entity/90440/,False,45.43598,12.33052,Canal Grande
1,https://pmb.acdh.oeaw.ac.at/entity/92388/,False,45.434172,12.338433,Markusplatz
1,https://pmb.acdh.oeaw.ac.at/entity/90757/,False,42.65927,18.0875,Gruž
1,https://pmb.acdh.oeaw.ac.at/entity/44292/,False,36.43556,28.22199,Rhodos
1,https://pmb.acdh.oeaw.ac.at/entity/91034/,False,39.0,35.0,Anatolia
1,https://pmb.acdh.oeaw.ac.at/entity/90799/,"https://iiif.onb.ac.at/images/AKON/AK079_530/530/full/400,/0/default.jpg",60.87773,6.83795,Gudvangen
1,https://pmb.acdh.oeaw.ac.at/entity/49690/,"https://iiif.onb.ac.at/images/AKON/AK116_550/550/full/400,/0/default.jpg",48.04469,16.09694,Mayerling
1,https://pmb.acdh.oeaw.ac.at/entity/90575/,False,41.05877,28.92305,Eyüpsultan
1,https://pmb.acdh.oeaw.ac.at/entity/91397/,False,54.24364,13.91097,Oie
1,https://pmb.acdh.oeaw.ac.at/entity/90579/,False,38.04125,23.53791,Eleusis
1,https://pmb.acdh.oeaw.ac.at/entity/91360/,"https://iiif.onb.ac.at/images/AKON/AK083_587/587/full/400,/0/default.jpg",62.18333,6.73333,Norangsdalen
1,https://pmb.acdh.oeaw.ac.at/entity/90859/,"https://iiif.onb.ac.at/images/AKON/AK094_319/319/full/400,/0/default.jpg",62.08549,6.86769,Hellesylt
1,https://pmb.acdh.oeaw.ac.at/entity/61016/,False,37.94007,22.9513,Korinth
1,https://pmb.acdh.oeaw.ac.at/entity/91014/,False,37.65597,21.31742,Katákolo
1,https://pmb.acdh.oeaw.ac.at/entity/90502/,False,42.94861,16.91806,Korcula
1,https://pmb.acdh.oeaw.ac.at/entity/90511/,False,43.0,17.0,Dalmatia
1,https://pmb.acdh.oeaw.ac.at/entity/92289/,False,48.198389,16.376,Hochstrahlbrunnen
1,https://pmb.acdh.oeaw.ac.at/entity/90813/,False,48.33685,16.25942,Hadersfeld
1,https://pmb.acdh.oeaw.ac.at/entity/92449/,False,48.206514,16.36974,Plankeng.
1,https://pmb.acdh.oeaw.ac.at/entity/91028/,False,47.90558,14.12228,Kirchdorf an der Krems
1,https://pmb.acdh.oeaw.ac.at/entity/90609/,False,48.24737,16.24604,Exelberg
1,https://pmb.acdh.oeaw.ac.at/entity/40127/,"https://iiif.onb.ac.at/images/AKON/AK118_599/599/full/400,/0/default.jpg",47.35,13.2,St. Johann in Tirol
1,https://pmb.acdh.oeaw.ac.at/entity/90905/,False,47.87663,11.70181,Holzkirchen
1,https://pmb.acdh.oeaw.ac.at/entity/52583/,False,48.08978,11.56345,Harlaching
1,https://pmb.acdh.oeaw.ac.at/entity/50367/,False,48.84835,10.48853,Salvatorgasse
1,https://pmb.acdh.oeaw.ac.at/entity/92225/,False,48.226064,16.365705,Elisabethpromenade
1,https://pmb.acdh.oeaw.ac.at/entity/91470/,False,47.72085,13.58348,Pfandl
1,https://pmb.acdh.oeaw.ac.at/entity/91151/,False,47.71149,13.57893,Lindau (Bad Ischl)
1,https://pmb.acdh.oeaw.ac.at/entity/91462/,False,47.96016,14.01692,Pettenbach
1,https://pmb.acdh.oeaw.ac.at/entity/39334/,False,47.69965,14.15391,Hinterstoder
1,https://pmb.acdh.oeaw.ac.at/entity/112/,False,48.202432234197,16.371296264238,Ringstraße
1,https://pmb.acdh.oeaw.ac.at/entity/92107/,False,47.55,14.15,Wörschach
1,https://pmb.acdh.oeaw.ac.at/entity/91818/,False,47.52959,14.10647,Bahnhof Stainach-Irdning
1,https://pmb.acdh.oeaw.ac.at/entity/91518/,False,47.61667,13.7,Pötschenhöhe
1,https://pmb.acdh.oeaw.ac.at/entity/90633/,False,47.8163,13.72253,Feuerkogel
1,https://pmb.acdh.oeaw.ac.at/entity/92345/,False,47.811987,13.723216,Kranabethsattel
1,https://pmb.acdh.oeaw.ac.at/entity/92179/,False,47.710848,13.613565,Brennerstraße
1,https://pmb.acdh.oeaw.ac.at/entity/69/,False,48.25,16.33306,"XIX., Döbling"
1,https://pmb.acdh.oeaw.ac.at/entity/90217/,False,48.03953,16.08085,Alland
1,https://pmb.acdh.oeaw.ac.at/entity/90803/,False,47.94395,16.26062,Günselsdorf
1,https://pmb.acdh.oeaw.ac.at/entity/61000/,False,47.73932,13.44666,Sankt Wolfgang im Salzkammergut
1,https://pmb.acdh.oeaw.ac.at/entity/55901/,False,48.20493,16.3782,Parkring
1,https://pmb.acdh.oeaw.ac.at/entity/91367/,False,48.25897,16.36448,Nussdorf
1,https://pmb.acdh.oeaw.ac.at/entity/90496/,False,46.50812,9.8188,Corviglia
1,https://pmb.acdh.oeaw.ac.at/entity/92374/,False,48.217079,16.287997,Liebhartstal
1,https://pmb.acdh.oeaw.ac.at/entity/92097/,False,48.27094,15.43759,Wolfstein
1,https://pmb.acdh.oeaw.ac.at/entity/91655/,False,50.05007,12.73279,Prameny
1,https://pmb.acdh.oeaw.ac.at/entity/92257/,False,50.026436,12.668004,Glatzen
1,https://pmb.acdh.oeaw.ac.at/entity/59010/,False,50.01058,12.62474,Lázně Kynžvart
1,https://pmb.acdh.oeaw.ac.at/entity/64553/,False,47.24504,10.73974,Imst
1,https://pmb.acdh.oeaw.ac.at/entity/90933/,False,47.28109,10.98633,Inntal
1,https://pmb.acdh.oeaw.ac.at/entity/63808/,False,46.79671,10.29804,Scuol
1,https://pmb.acdh.oeaw.ac.at/entity/90434/,False,46.47635,9.81002,Campfer
1,https://pmb.acdh.oeaw.ac.at/entity/91373/,False,46.49103,9.82738,Alpina
1,https://pmb.acdh.oeaw.ac.at/entity/92186/,False,46.501438,9.835247,Chantarella
1,https://pmb.acdh.oeaw.ac.at/entity/57700/,False,48.1965681,16.3663984,Schleifmühlgasse
1,https://pmb.acdh.oeaw.ac.at/entity/92754/,False,46.4845937,9.8198988,Hotel Suvretta
1,https://pmb.acdh.oeaw.ac.at/entity/91753/,False,46.42886,9.76364,Sils-Segl Maria
1,https://pmb.acdh.oeaw.ac.at/entity/90675/,False,46.42963,9.83986,Fuorcla Surlej
1,https://pmb.acdh.oeaw.ac.at/entity/859/,False,47.1664,9.4735,Buchs
1,https://pmb.acdh.oeaw.ac.at/entity/92206/,False,48.008204,16.225261,Doblhoffpark
1,https://pmb.acdh.oeaw.ac.at/entity/90069/,False,50.76306,-1.29772,Cowes
1,https://pmb.acdh.oeaw.ac.at/entity/92364/,False,48.146093,16.361381,Laxenburger Allee
1,https://pmb.acdh.oeaw.ac.at/entity/90801/,False,48.31385,16.24852,Gugging
1,https://pmb.acdh.oeaw.ac.at/entity/92351/,False,48.204892,16.00249,Kronstein
1,https://pmb.acdh.oeaw.ac.at/entity/90938/,False,50.66667,-1.33333,Isle of Wight
1,https://pmb.acdh.oeaw.ac.at/entity/91626/,False,50.72999,-1.1621,Ryde
1,https://pmb.acdh.oeaw.ac.at/entity/92539/,False,48.230968,16.333172,Spöttelgasse
1,https://pmb.acdh.oeaw.ac.at/entity/92603/,False,48.199478,16.364351,Wiednertheater
1,https://pmb.acdh.oeaw.ac.at/entity/92566/,False,52.509815,13.361783,Thiergartenstr.
1,https://pmb.acdh.oeaw.ac.at/entity/92431/,False,47.911382,13.791983,Orth
1,https://pmb.acdh.oeaw.ac.at/entity/91936/,"https://iiif.onb.ac.at/images/AKON/AK080_554/554/full/400,/0/default.jpg",45.98423,9.21613,Tremezzo
1,https://pmb.acdh.oeaw.ac.at/entity/92574/,False,48.199544,16.387458,Ungargasse
1,https://pmb.acdh.oeaw.ac.at/entity/91464/,False,47.56667,15.81667,Pfaffensattel
1,https://pmb.acdh.oeaw.ac.at/entity/90667/,False,47.61667,15.81667,Fröschnitz
1,https://pmb.acdh.oeaw.ac.at/entity/92375/,False,47.623166,15.833483,Liechtensteinweg
1,https://pmb.acdh.oeaw.ac.at/entity/92138/,False,48.197273,16.371855,Alleegasse
1,https://pmb.acdh.oeaw.ac.at/entity/91669/,False,47.76969,13.42234,Schafbergalpe
1,https://pmb.acdh.oeaw.ac.at/entity/92358/,False,48.214864,16.350985,Langegasse
1,https://pmb.acdh.oeaw.ac.at/entity/92146/,False,48.229524,16.342488,Anton Frankgasse
1,https://pmb.acdh.oeaw.ac.at/entity/92161/,False,48.217924,16.356689,Beethovengasse
1,https://pmb.acdh.oeaw.ac.at/entity/92269/,False,48.229379,16.339749,Haizingergasse
1,https://pmb.acdh.oeaw.ac.at/entity/92402/,False,48.222214,16.34378,Michelbeuren-Kino
1,https://pmb.acdh.oeaw.ac.at/entity/44531/,False,48.19519,16.36781,Mozartgasse
1,https://pmb.acdh.oeaw.ac.at/entity/92414/,False,48.23682,15.829884,Murstettnerkirche
1,https://pmb.acdh.oeaw.ac.at/entity/90655/,False,48.18736,16.43988,Freudenau
1,https://pmb.acdh.oeaw.ac.at/entity/92152/,False,48.208206,16.355112,Auerspergstr.
1,https://pmb.acdh.oeaw.ac.at/entity/44273/,False,50.79899,-1.09125,Portsmouth
1,https://pmb.acdh.oeaw.ac.at/entity/92506/,False,48.203889,16.369444,Sacher
1,https://pmb.acdh.oeaw.ac.at/entity/92362/,False,52.468969,13.314998,Laubenheimerstr.
1,https://pmb.acdh.oeaw.ac.at/entity/92302/,False,52.485146,13.341373,Innsbruckerstraße
1,https://pmb.acdh.oeaw.ac.at/entity/90048/,False,51.12598,1.31257,Dover
1,https://pmb.acdh.oeaw.ac.at/entity/91506/,False,46.03714,9.12921,Porlezza
1,https://pmb.acdh.oeaw.ac.at/entity/92516/,False,48.197169,16.363947,Schikanedergasse
1,https://pmb.acdh.oeaw.ac.at/entity/91808/,False,46.48244,6.83058,Mont-Pelerin
1,https://pmb.acdh.oeaw.ac.at/entity/92095/,False,48.1587,16.12098,Wolfsgraben
1,https://pmb.acdh.oeaw.ac.at/entity/89841/,False,45.89538,8.52708,Isola Bella
1,https://pmb.acdh.oeaw.ac.at/entity/91622/,False,48.4,16.41667,Kleinrötz
1,https://pmb.acdh.oeaw.ac.at/entity/91316/,False,47.67556,15.49145,Mürzsteg
1,https://pmb.acdh.oeaw.ac.at/entity/90995/,False,47.64784,15.62863,Kapellen
1,https://pmb.acdh.oeaw.ac.at/entity/91538/,False,47.66667,15.7,Preiner Gscheid
1,https://pmb.acdh.oeaw.ac.at/entity/91099/,False,48.18333,16.21667,Lainzer Tiergarten
1,https://pmb.acdh.oeaw.ac.at/entity/49461/,False,48.14719,16.29487,Atzgersdorf
1,https://pmb.acdh.oeaw.ac.at/entity/91451/,False,48.11935,16.26607,Perchtoldsdorf
1,https://pmb.acdh.oeaw.ac.at/entity/40112/,"https://iiif.onb.ac.at/images/AKON/AK021_250/250/full/400,/0/default.jpg",47.9582,16.0948,Pottenstein
1,https://pmb.acdh.oeaw.ac.at/entity/90535/,"https://iiif.onb.ac.at/images/AKON/AK121_114/114/full/400,/0/default.jpg",46.82833,12.84528,Dölsach
1,https://pmb.acdh.oeaw.ac.at/entity/92460/,False,48.215139,16.385113,Praterstraße
1,https://pmb.acdh.oeaw.ac.at/entity/864/,False,51.33962,12.37129,Leipzig
1,https://pmb.acdh.oeaw.ac.at/entity/90659/,False,52.51559,13.45482,Friedrichshain
1,https://pmb.acdh.oeaw.ac.at/entity/92232/,False,52.449736,13.282212,Faraday Weg
1,https://pmb.acdh.oeaw.ac.at/entity/90519/,"https://iiif.onb.ac.at/images/AKON/AK058_411/411/full/400,/0/default.jpg",46.7375,13.07833,Dellach im Drautal
1,https://pmb.acdh.oeaw.ac.at/entity/90827/,False,52.49005,13.29602,Halensee
1,https://pmb.acdh.oeaw.ac.at/entity/92572/,False,48.21794,16.364391,Türkenstr.
1,https://pmb.acdh.oeaw.ac.at/entity/91711/,False,48.20085,16.37468,Schwarzenbergplatz
1,https://pmb.acdh.oeaw.ac.at/entity/92557/,False,48.192528,16.358638,Strobachgasse
1,https://pmb.acdh.oeaw.ac.at/entity/59364/,False,48.27805,16.34618,Leopoldsberg
1,https://pmb.acdh.oeaw.ac.at/entity/36515/,"https://iiif.onb.ac.at/images/AKON/AK125_082/082/full/400,/0/default.jpg",47.66423,15.57226,Neuberg an der Mürz
1,https://pmb.acdh.oeaw.ac.at/entity/90364/,False,46.46778,6.89615,Blonay
1,https://pmb.acdh.oeaw.ac.at/entity/54223/,"https://iiif.onb.ac.at/images/AKON/AK086_593/593/full/400,/0/default.jpg",46.00185,8.74512,Luino
1,https://pmb.acdh.oeaw.ac.at/entity/90573/,False,47.6,14.91667,Eisenerzer Höhe
1,https://pmb.acdh.oeaw.ac.at/entity/91928/,"https://iiif.onb.ac.at/images/AKON/AK119_381/381/full/400,/0/default.jpg",47.85,13.8,Traunsee
1,https://pmb.acdh.oeaw.ac.at/entity/58825/,False,48.25531,16.01223,Sieghartskirchen
1,https://pmb.acdh.oeaw.ac.at/entity/90168/,"https://iiif.onb.ac.at/images/AKON/AK118_291/291/full/400,/0/default.jpg",47.85493,13.95573,Grünau im Almtal
1,https://pmb.acdh.oeaw.ac.at/entity/91857/,False,48.10038,16.13746,Sulz im Wienerwald
1,https://pmb.acdh.oeaw.ac.at/entity/90558/,False,48.39582,15.51973,Dürnstein
1,https://pmb.acdh.oeaw.ac.at/entity/45181/,False,48.24274,15.741,Jeutendorf
1,https://pmb.acdh.oeaw.ac.at/entity/92547/,False,48.189755,16.370328,Starhembergg.
1,https://pmb.acdh.oeaw.ac.at/entity/66/,False,48.21667,16.3,"XVI., Ottakring"
1,https://pmb.acdh.oeaw.ac.at/entity/91395/,"https://iiif.onb.ac.at/images/AKON/AK016_153/153/full/400,/0/default.jpg",47.75,13.83333,Offensee
1,https://pmb.acdh.oeaw.ac.at/entity/92484/,False,52.509081,13.285915,Riehlstr.
1,https://pmb.acdh.oeaw.ac.at/entity/90749/,"https://iiif.onb.ac.at/images/AKON/AK006_238/238/full/400,/0/default.jpg",47.63399,13.90264,Gössl
1,https://pmb.acdh.oeaw.ac.at/entity/90072/,False,47.64972,13.94306,Kammer See
1,https://pmb.acdh.oeaw.ac.at/entity/52958/,False,48.18986176078119,16.37219956928243,Favoritenstraße
1,https://pmb.acdh.oeaw.ac.at/entity/90565/,False,50.07963,12.37392,Cheb
1,https://pmb.acdh.oeaw.ac.at/entity/44181/,False,47.34999,7.90329,Olten
1,https://pmb.acdh.oeaw.ac.at/entity/92579/,False,46.426557,6.931342,Valmont
1,https://pmb.acdh.oeaw.ac.at/entity/92015/,False,46.39869,6.92654,Villeneuve
1,https://pmb.acdh.oeaw.ac.at/entity/90607/,False,46.40111,6.58793,Évian-les-Bains
1,https://pmb.acdh.oeaw.ac.at/entity/90623/,False,46.25858,6.11063,Ferney-Voltaire
1,https://pmb.acdh.oeaw.ac.at/entity/91774/,False,46.41535,6.94858,Sonchaux
1,https://pmb.acdh.oeaw.ac.at/entity/91141/,False,46.43144,6.96182,Liboson d'en Haut
1,https://pmb.acdh.oeaw.ac.at/entity/91318/,False,62.89496,8.42908,Nes
1,https://pmb.acdh.oeaw.ac.at/entity/90418/,"https://iiif.onb.ac.at/images/AKON/AK085_388/388/full/400,/0/default.jpg",47.00032,8.3983,Bürgenstock
1,https://pmb.acdh.oeaw.ac.at/entity/91916/,False,63.94082,10.0275,Torghatten
1,https://pmb.acdh.oeaw.ac.at/entity/91046/,"https://iiif.onb.ac.at/images/AKON/AK125_005/005/full/400,/0/default.jpg",47.64448,11.34071,Lake Kochel
1,https://pmb.acdh.oeaw.ac.at/entity/91253/,"https://iiif.onb.ac.at/images/AKON/AK082_469/469/full/400,/0/default.jpg",47.4422,11.26187,Mittenwald
1,https://pmb.acdh.oeaw.ac.at/entity/90170/,"https://iiif.onb.ac.at/images/AKON/AK101_082/082/full/400,/0/default.jpg",46.3114,11.5996,Predazzo
1,https://pmb.acdh.oeaw.ac.at/entity/90294/,"https://iiif.onb.ac.at/images/AKON/AK076_512/512/full/400,/0/default.jpg",47.47399,11.01481,Badersee
1,https://pmb.acdh.oeaw.ac.at/entity/90057/,False,47.05,13.1,Niederer Tauern
1,https://pmb.acdh.oeaw.ac.at/entity/89077/,False,48.26,11.43402,Dachau
1,https://pmb.acdh.oeaw.ac.at/entity/91608/,"https://iiif.onb.ac.at/images/AKON/AK077_160/160/full/400,/0/default.jpg",46.29636,11.78852,Passo di Rolle
1,https://pmb.acdh.oeaw.ac.at/entity/93878/,False,46.664699,11.187927,St. Valentino
1,https://pmb.acdh.oeaw.ac.at/entity/90162/,False,42.83333,12.83333,Naiftal
1,https://pmb.acdh.oeaw.ac.at/entity/40307/,"https://iiif.onb.ac.at/images/AKON/AK107_400/400/full/400,/0/default.jpg",46.47627,11.76929,Canazei
1,https://pmb.acdh.oeaw.ac.at/entity/90647/,"https://iiif.onb.ac.at/images/AKON/AK106_020/020/full/400,/0/default.jpg",46.0164,11.79897,Fonzaso
1,https://pmb.acdh.oeaw.ac.at/entity/91731/,"https://iiif.onb.ac.at/images/AKON/AK078_451/451/full/400,/0/default.jpg",46.50894,11.76241,Sella Pass
1,https://pmb.acdh.oeaw.ac.at/entity/91885/,False,45.69011,11.70672,Tezze sul Brenta
1,https://pmb.acdh.oeaw.ac.at/entity/91969/,"https://iiif.onb.ac.at/images/AKON/AK008_504/504/full/400,/0/default.jpg",46.57603,11.67176,Urtijëi
1,https://pmb.acdh.oeaw.ac.at/entity/45092/,False,46.51667,11.33333,Gries
1,https://pmb.acdh.oeaw.ac.at/entity/1236/,"https://iiif.onb.ac.at/images/AKON/AK111_494/494/full/400,/0/default.jpg",46.7963,11.9449,Bruneck
1,https://pmb.acdh.oeaw.ac.at/entity/90157/,False,46.76027,12.02951,Olang
1,https://pmb.acdh.oeaw.ac.at/entity/90919/,"https://iiif.onb.ac.at/images/AKON/AK108_337/337/full/400,/0/default.jpg",47.23333,11.41667,Igls
1,https://pmb.acdh.oeaw.ac.at/entity/90156/,False,46.666799,12.353684,Fischleinboden
1,https://pmb.acdh.oeaw.ac.at/entity/34824/,"https://iiif.onb.ac.at/images/AKON/AK120_117/117/full/400,/0/default.jpg",46.81909,13.5143,Seeboden
1,https://pmb.acdh.oeaw.ac.at/entity/91542/,False,46.62694,13.44333,Lake Pressegg
1,https://pmb.acdh.oeaw.ac.at/entity/92003/,"https://iiif.onb.ac.at/images/AKON/AK076_239/239/full/400,/0/default.jpg",46.36825,14.11005,Občina Bled
1,https://pmb.acdh.oeaw.ac.at/entity/92033/,"https://iiif.onb.ac.at/images/AKON/AK082_475/475/full/400,/0/default.jpg",47.59225,11.34685,Lake Walchen
1,https://pmb.acdh.oeaw.ac.at/entity/60017/,False,48.0563,11.5144,Pullach im Isartal
1,https://pmb.acdh.oeaw.ac.at/entity/61062/,"https://iiif.onb.ac.at/images/AKON/AK082_295/295/full/400,/0/default.jpg",44.11578,15.22514,Zadar
1,https://pmb.acdh.oeaw.ac.at/entity/91324/,"https://iiif.onb.ac.at/images/AKON/AK125_080/080/full/400,/0/default.jpg",47.05,13.05,Nassfeld
1,https://pmb.acdh.oeaw.ac.at/entity/90356/,"https://iiif.onb.ac.at/images/AKON/AK125_155/155/full/400,/0/default.jpg",53.55698,9.8059,Blankenese
1,https://pmb.acdh.oeaw.ac.at/entity/49115/,"https://iiif.onb.ac.at/images/AKON/AK078_555/555/full/400,/0/default.jpg",53.96304,10.8709,Travemünde
1,https://pmb.acdh.oeaw.ac.at/entity/91385/,False,47.65,15.78333,Ochnerhöhe
1,https://pmb.acdh.oeaw.ac.at/entity/90204/,False,45.76072,11.00458,Ala
1,https://pmb.acdh.oeaw.ac.at/entity/88767/,False,43.58579,7.10831,Antibes
1,https://pmb.acdh.oeaw.ac.at/entity/44269/,"https://iiif.onb.ac.at/images/AKON/AK079_561/561/full/400,/0/default.jpg",44.30349,9.20942,Portofino
1,https://pmb.acdh.oeaw.ac.at/entity/91564/,"https://iiif.onb.ac.at/images/AKON/AK086_362/362/full/400,/0/default.jpg",44.3496,9.22796,Rapallo
1,https://pmb.acdh.oeaw.ac.at/entity/49714/,"https://iiif.onb.ac.at/images/AKON/AK117_038/038/full/400,/0/default.jpg",44.38333,9.03333,Nervi
1,https://pmb.acdh.oeaw.ac.at/entity/834/,"https://iiif.onb.ac.at/images/AKON/AK120_521/521/full/400,/0/default.jpg",49.87167,8.65027,Darmstadt
1,https://pmb.acdh.oeaw.ac.at/entity/882/,"https://iiif.onb.ac.at/images/AKON/AK119_445/445/full/400,/0/default.jpg",49.40768,8.69079,Heidelberg
1,https://pmb.acdh.oeaw.ac.at/entity/90268/,"https://iiif.onb.ac.at/images/AKON/AK002_159/159/full/400,/0/default.jpg",47.55,16.08333,Aspang Markt
1,https://pmb.acdh.oeaw.ac.at/entity/91922/,False,47.6,15.86667,Trattenbach
1,https://pmb.acdh.oeaw.ac.at/entity/90897/,"https://iiif.onb.ac.at/images/AKON/AK125_501/501/full/400,/0/default.jpg",47.81564,16.03276,Hohe Wand
1,https://pmb.acdh.oeaw.ac.at/entity/90785/,"https://iiif.onb.ac.at/images/AKON/AK118_299/299/full/400,/0/default.jpg",47.79747,15.98785,Grünbach am Schneeberg
1,https://pmb.acdh.oeaw.ac.at/entity/43070/,False,46.48306,12.05417,Passo di Giau
1,https://pmb.acdh.oeaw.ac.at/entity/91999/,"https://iiif.onb.ac.at/images/AKON/AK004_595/595/full/400,/0/default.jpg",47.93333,16.1,Veitsau
1,https://pmb.acdh.oeaw.ac.at/entity/90340/,False,48.43333,14.21667,Berndorf
1,https://pmb.acdh.oeaw.ac.at/entity/92739/,False,46.312656066,11.6026343821,Nave d‘Oro
1,https://pmb.acdh.oeaw.ac.at/entity/39874/,False,46.5072,11.57487,Schlern
1,https://pmb.acdh.oeaw.ac.at/entity/90084/,False,46.45971,11.86983,Fedaia
1,https://pmb.acdh.oeaw.ac.at/entity/90436/,False,46.47632,11.74199,Campitello di Fassa
1,https://pmb.acdh.oeaw.ac.at/entity/430/,False,46.62917,14.12306,Wörthersee
1,https://pmb.acdh.oeaw.ac.at/entity/92731/,False,42.66778,18.07833,Ombla
1,https://pmb.acdh.oeaw.ac.at/entity/90081/,False,46.42028,13.565,Lago del Predil
1,https://pmb.acdh.oeaw.ac.at/entity/90190/,"https://iiif.onb.ac.at/images/AKON/AK102_532/532/full/400,/0/default.jpg",45.77435,14.21528,Postojna
1,https://pmb.acdh.oeaw.ac.at/entity/90063/,False,46.58235,9.83771,Albulapass
1,https://pmb.acdh.oeaw.ac.at/entity/91113/,"https://iiif.onb.ac.at/images/AKON/AK009_010/010/full/400,/0/default.jpg",47.13333,10.11667,Langen
1,https://pmb.acdh.oeaw.ac.at/entity/90151/,False,46.62279,11.51292,Bad Dreikirchen
1,https://pmb.acdh.oeaw.ac.at/entity/90245/,False,40.5517,14.21225,Anacapri
1,https://pmb.acdh.oeaw.ac.at/entity/90444/,False,40.54997,14.22652,Isola di Capri
1,https://pmb.acdh.oeaw.ac.at/entity/40264/,False,46.78333,11.6,Franzensfeste
1,https://pmb.acdh.oeaw.ac.at/entity/759/,"https://iiif.onb.ac.at/images/AKON/AK034_160/160/full/400,/0/default.jpg",47.18333,11.41667,Schönberg im Stubaital
1,https://pmb.acdh.oeaw.ac.at/entity/90093/,False,47.13333,11.4,Maria Waldrast
1,https://pmb.acdh.oeaw.ac.at/entity/461/,"https://iiif.onb.ac.at/images/AKON/AK078_596/596/full/400,/0/default.jpg",45.93632,11.27206,Lavarone
1,https://pmb.acdh.oeaw.ac.at/entity/591/,False,47.12852,11.45222,Matrei am Brenner
1,https://pmb.acdh.oeaw.ac.at/entity/91308/,"https://iiif.onb.ac.at/images/AKON/AK006_597/597/full/400,/0/default.jpg",46.79658,11.66754,Mühlbach
1,https://pmb.acdh.oeaw.ac.at/entity/91480/,False,45.88848,10.73124,Pieve di Ledro
1,https://pmb.acdh.oeaw.ac.at/entity/90152/,False,45.86753,10.64887,Val d’Ampola
1,https://pmb.acdh.oeaw.ac.at/entity/91903/,False,46.0355,10.72679,Tione di Trento
1,https://pmb.acdh.oeaw.ac.at/entity/91532/,"https://iiif.onb.ac.at/images/AKON/AK071_467/467/full/400,/0/default.jpg",47.53333,14.93333,Präbichl
1,https://pmb.acdh.oeaw.ac.at/entity/90987/,"https://iiif.onb.ac.at/images/AKON/AK066_346/346/full/400,/0/default.jpg",46.41326,11.24616,Caldaro sulla Strada del Vino
1,https://pmb.acdh.oeaw.ac.at/entity/91554/,False,47.62381,14.30639,Pyhrnpaß
1,https://pmb.acdh.oeaw.ac.at/entity/91038/,"https://iiif.onb.ac.at/images/AKON/AK040_279/279/full/400,/0/default.jpg",47.81667,14.63333,Kleinreifling
1,https://pmb.acdh.oeaw.ac.at/entity/91993/,"https://iiif.onb.ac.at/images/AKON/AK098_431/431/full/400,/0/default.jpg",45.82058,8.82511,Varese
1,https://pmb.acdh.oeaw.ac.at/entity/91914/,False,45.49648,12.41747,Torcello
1,https://pmb.acdh.oeaw.ac.at/entity/91314/,False,45.45857,12.35683,Murano
1,https://pmb.acdh.oeaw.ac.at/entity/56147/,"https://iiif.onb.ac.at/images/AKON/AK107_418/418/full/400,/0/default.jpg",43.55135,7.01275,Cannes
1,https://pmb.acdh.oeaw.ac.at/entity/40881/,False,47.73333,15.66667,Nasswald
1,https://pmb.acdh.oeaw.ac.at/entity/90051/,False,47.75,15.83333,Baumgartnerhaus
1,https://pmb.acdh.oeaw.ac.at/entity/90090/,False,46.51754,11.35888,Castel Roncolo
1,https://pmb.acdh.oeaw.ac.at/entity/121/,False,55.672222,12.571667,Ny Carlsberg Glyptohek
1,https://pmb.acdh.oeaw.ac.at/entity/90649/,False,55.93451,12.30041,Frederiksborg Slot
1,https://pmb.acdh.oeaw.ac.at/entity/91261/,False,56.28333,12.5,Mölle
1,https://pmb.acdh.oeaw.ac.at/entity/44089/,False,56.09027,12.45693,Hornbæk
1,https://pmb.acdh.oeaw.ac.at/entity/90960/,"https://iiif.onb.ac.at/images/AKON/AK116_124/124/full/400,/0/default.jpg",47.53333,14.58333,Johnsbach
1,https://pmb.acdh.oeaw.ac.at/entity/90877/,False,55.92791,12.30081,Hillerød
1,https://pmb.acdh.oeaw.ac.at/entity/92089/,False,46.87361,12.87472,Winklern
1,https://pmb.acdh.oeaw.ac.at/entity/90099/,False,50.63916,14.05081,Hrad Střekov
1,https://pmb.acdh.oeaw.ac.at/entity/90971/,False,47.5561,13.8405,Pichl-Kainisch
1,https://pmb.acdh.oeaw.ac.at/entity/91381/,False,47.55782,13.68553,Obertraun
1,https://pmb.acdh.oeaw.ac.at/entity/91556/,"https://iiif.onb.ac.at/images/AKON/AK044_115/115/full/400,/0/default.jpg",47.63333,15.93333,Raach am Hochgebirge
1,https://pmb.acdh.oeaw.ac.at/entity/92195/,False,48.012864,16.23114,Curpark
1,https://pmb.acdh.oeaw.ac.at/entity/847/,"https://iiif.onb.ac.at/images/AKON/AK123_248/248/full/400,/0/default.jpg",41.91886,8.73812,Ajaccio
1,https://pmb.acdh.oeaw.ac.at/entity/90366/,"https://iiif.onb.ac.at/images/AKON/AK029_043/043/full/400,/0/default.jpg",47.15476,9.82255,Bludenz
1,https://pmb.acdh.oeaw.ac.at/entity/91267/,False,43.73333,7.41667,Monaco
1,https://pmb.acdh.oeaw.ac.at/entity/41022/,False,44.42445,8.81213,Pegli
1,https://pmb.acdh.oeaw.ac.at/entity/90119/,False,46.92495,9.9079,Schlappiner Joch
1,https://pmb.acdh.oeaw.ac.at/entity/38518/,False,46.88269,9.87609,Klosters Dorf
1,https://pmb.acdh.oeaw.ac.at/entity/40384/,False,47.80308,13.04367,Hotel Bristol
1,https://pmb.acdh.oeaw.ac.at/entity/90060/,False,47.1,12.7,Pasterze Glacier
1,https://pmb.acdh.oeaw.ac.at/entity/90911/,"https://iiif.onb.ac.at/images/AKON/AK056_372/372/full/400,/0/default.jpg",46.93333,12.57306,Huben
1,https://pmb.acdh.oeaw.ac.at/entity/91802/,False,47.51667,12.95,Sankt Bartholomä
1,https://pmb.acdh.oeaw.ac.at/entity/43059/,"https://iiif.onb.ac.at/images/AKON/AK098_039/039/full/400,/0/default.jpg",46.50567,13.58689,Tarvisio
1,https://pmb.acdh.oeaw.ac.at/entity/92463/,False,48.193156,16.378297,Prinz Eugenstraße
1,https://pmb.acdh.oeaw.ac.at/entity/91278/,False,46.33548,7.51818,Crans-Montana
1,https://pmb.acdh.oeaw.ac.at/entity/54953/,False,50.72571,1.61392,Boulogne-sur-Mer
1,https://pmb.acdh.oeaw.ac.at/entity/91496/,"https://iiif.onb.ac.at/images/AKON/AK041_602/602/full/400,/0/default.jpg",48.2,15.2,Pöchlarn
1,https://pmb.acdh.oeaw.ac.at/entity/93875/,False,48.052635,15.611744,Scheibmühl
1,https://pmb.acdh.oeaw.ac.at/entity/90146/,False,47.9044,15.49918,Pamsenhof
1,https://pmb.acdh.oeaw.ac.at/entity/90661/,"https://iiif.onb.ac.at/images/AKON/AK116_404/404/full/400,/0/default.jpg",46.95528,14.40583,Friesach
1,https://pmb.acdh.oeaw.ac.at/entity/90123/,"https://iiif.onb.ac.at/images/AKON/AK092_494/494/full/400,/0/default.jpg",46.4388,11.13723,Fondo
1,https://pmb.acdh.oeaw.ac.at/entity/65733/,"https://iiif.onb.ac.at/images/AKON/AK064_018/018/full/400,/0/default.jpg",46.56667,11.66667,Val Gardena
1,https://pmb.acdh.oeaw.ac.at/entity/91265/,"https://iiif.onb.ac.at/images/AKON/AK098_400/400/full/400,/0/default.jpg",46.14238,10.963,Molveno
1,https://pmb.acdh.oeaw.ac.at/entity/65723/,"https://iiif.onb.ac.at/images/AKON/AK067_087/087/full/400,/0/default.jpg",46.54152,11.45728,Renon
1,https://pmb.acdh.oeaw.ac.at/entity/90613/,False,46.51889,12.00876,Passo di Falzarego
1,https://pmb.acdh.oeaw.ac.at/entity/90617/,False,46.72368,14.0958,Feldkirchen in Kärnten
1,https://pmb.acdh.oeaw.ac.at/entity/40380/,"https://iiif.onb.ac.at/images/AKON/AK117_207/207/full/400,/0/default.jpg",46.65909,13.90036,Annenheim
1,https://pmb.acdh.oeaw.ac.at/entity/91850/,"https://iiif.onb.ac.at/images/AKON/AK095_178/178/full/400,/0/default.jpg",45.88158,8.53834,Stresa
1,https://pmb.acdh.oeaw.ac.at/entity/91413/,"https://iiif.onb.ac.at/images/AKON/AK037_587/587/full/400,/0/default.jpg",46.67435,13.98358,Ossiach
1,https://pmb.acdh.oeaw.ac.at/entity/92483/,False,47.793525,13.040353,Richterhöhe
1,https://pmb.acdh.oeaw.ac.at/entity/90260/,"https://iiif.onb.ac.at/images/AKON/AK068_083/083/full/400,/0/default.jpg",47.13462,10.20544,Arlberg Höhe
1,https://pmb.acdh.oeaw.ac.at/entity/849/,"https://iiif.onb.ac.at/images/AKON/AK111_360/360/full/400,/0/default.jpg",47.66033,9.17582,Konstanz
1,https://pmb.acdh.oeaw.ac.at/entity/91026/,"https://iiif.onb.ac.at/images/AKON/AK111_044/044/full/400,/0/default.jpg",47.5,15.45,Kindberg
1,https://pmb.acdh.oeaw.ac.at/entity/90665/,"https://iiif.onb.ac.at/images/AKON/AK116_455/455/full/400,/0/default.jpg",47.26667,15.31667,Frohnleiten
1,https://pmb.acdh.oeaw.ac.at/entity/43995/,"https://iiif.onb.ac.at/images/AKON/AK111_503/503/full/400,/0/default.jpg",46.77793,9.67621,Arosa
1,https://pmb.acdh.oeaw.ac.at/entity/91610/,False,47.56354,9.35639,Romanshorn
1,https://pmb.acdh.oeaw.ac.at/entity/58725/,False,51.4425,3.57361,Flushing
1,https://pmb.acdh.oeaw.ac.at/entity/47030/,False,48.82358,2.19311,Ville-d'Avray
1,https://pmb.acdh.oeaw.ac.at/entity/49469/,"https://iiif.onb.ac.at/images/AKON/AK118_584/584/full/400,/0/default.jpg",47.47585,13.1902,Werfen
1,https://pmb.acdh.oeaw.ac.at/entity/90962/,False,48.82538,2.47458,Joinville-le-Pont
1,https://pmb.acdh.oeaw.ac.at/entity/90141/,False,66.65895,13.93925,Svartisen
1,https://pmb.acdh.oeaw.ac.at/entity/913/,"https://iiif.onb.ac.at/images/AKON/AK076_212/212/full/400,/0/default.jpg",50.73438,7.09549,Bonn
1,https://pmb.acdh.oeaw.ac.at/entity/90837/,False,68.79833,16.54165,Harstad
1,https://pmb.acdh.oeaw.ac.at/entity/92586/,False,48.21574,16.358385,Votivpark
1,https://pmb.acdh.oeaw.ac.at/entity/150/,False,48.23099349198,16.340117830625,Sternwartestraße
1,https://pmb.acdh.oeaw.ac.at/entity/42542/,"https://iiif.onb.ac.at/images/AKON/AK098_262/262/full/400,/0/default.jpg",69.6489,18.95508,Tromsø
1,https://pmb.acdh.oeaw.ac.at/entity/90831/,"https://iiif.onb.ac.at/images/AKON/AK125_333/333/full/400,/0/default.jpg",70.66313,23.68092,Hammerfest
1,https://pmb.acdh.oeaw.ac.at/entity/41072/,False,71.1725,25.784444,Nordkap
1,https://pmb.acdh.oeaw.ac.at/entity/91181/,False,64.36957,11.28901,Lyngenfjorden
1,https://pmb.acdh.oeaw.ac.at/entity/91320/,False,64.46624,11.49572,Namsos
1,https://pmb.acdh.oeaw.ac.at/entity/91983/,"https://iiif.onb.ac.at/images/AKON/AK098_374/374/full/400,/0/default.jpg",59.85882,17.63889,Uppsala
1,https://pmb.acdh.oeaw.ac.at/entity/40700/,"https://iiif.onb.ac.at/images/AKON/AK115_295/295/full/400,/0/default.jpg",57.70716,11.96679,Göteborg
1,https://pmb.acdh.oeaw.ac.at/entity/42675/,False,58.2799,12.2771,Trollhättan-Fälle
1,https://pmb.acdh.oeaw.ac.at/entity/90917/,False,55.91004,12.69878,Hven
1,https://pmb.acdh.oeaw.ac.at/entity/64766/,"https://iiif.onb.ac.at/images/AKON/AK106_010/010/full/400,/0/default.jpg",48.40908,2.70177,Fontainebleau
1,https://pmb.acdh.oeaw.ac.at/entity/44131/,"https://iiif.onb.ac.at/images/AKON/AK089_202/202/full/400,/0/default.jpg",48.81381,2.235,Meudon
1,https://pmb.acdh.oeaw.ac.at/entity/91855/,"https://iiif.onb.ac.at/images/AKON/AK113_561/561/full/400,/0/default.jpg",46.52715,10.58905,Solda
1,https://pmb.acdh.oeaw.ac.at/entity/123/,False,48.94137,1.99137,Villennes-sur-Seine
1,https://pmb.acdh.oeaw.ac.at/entity/90983/,"https://iiif.onb.ac.at/images/AKON/AK080_441/441/full/400,/0/default.jpg",47.04415,8.46523,Rigi Kaltbad
1,https://pmb.acdh.oeaw.ac.at/entity/90316/,"https://iiif.onb.ac.at/images/AKON/AK078_396/396/full/400,/0/default.jpg",46.69896,7.79428,Beatenberg
1,https://pmb.acdh.oeaw.ac.at/entity/90741/,"https://iiif.onb.ac.at/images/AKON/AK093_455/455/full/400,/0/default.jpg",45.98322,7.78484,Gornergrat
1,https://pmb.acdh.oeaw.ac.at/entity/58779/,"https://iiif.onb.ac.at/images/AKON/AK116_587/587/full/400,/0/default.jpg",47.65689,9.47554,Friedrichshafen
1,https://pmb.acdh.oeaw.ac.at/entity/91661/,False,54.5157,13.64451,Sassnitz
1,https://pmb.acdh.oeaw.ac.at/entity/91749/,False,48.68333,15.75,Sigmundsherberg
1,https://pmb.acdh.oeaw.ac.at/entity/52548/,"https://iiif.onb.ac.at/images/AKON/AK006_080/080/full/400,/0/default.jpg",47.56373,13.34599,Abtenau
1,https://pmb.acdh.oeaw.ac.at/entity/92622/,False,48.55,9.6,Hasental
1,https://pmb.acdh.oeaw.ac.at/entity/90075/,False,46.56102,8.33695,Grimselpass
1,https://pmb.acdh.oeaw.ac.at/entity/91083/,"https://iiif.onb.ac.at/images/AKON/AK007_367/367/full/400,/0/default.jpg",47.68076,15.88039,Küb
1,https://pmb.acdh.oeaw.ac.at/entity/92105/,"https://iiif.onb.ac.at/images/AKON/AK025_357/357/full/400,/0/default.jpg",47.48906,12.06174,Wörgl
1,https://pmb.acdh.oeaw.ac.at/entity/90677/,"https://iiif.onb.ac.at/images/AKON/AK115_585/585/full/400,/0/default.jpg",46.57191,8.41642,Furka Pass
1,https://pmb.acdh.oeaw.ac.at/entity/90745/,"https://iiif.onb.ac.at/images/AKON/AK064_244/244/full/400,/0/default.jpg",46.66816,8.58709,Göschenen
1,https://pmb.acdh.oeaw.ac.at/entity/40407/,False,46.83705,9.28458,Flims
1,https://pmb.acdh.oeaw.ac.at/entity/92055/,False,47.03208,8.43219,Weggis
1,https://pmb.acdh.oeaw.ac.at/entity/91987/,"https://iiif.onb.ac.at/images/AKON/AK087_081/081/full/400,/0/default.jpg",52.09083,5.12222,Utrecht
1,https://pmb.acdh.oeaw.ac.at/entity/49966/,"https://iiif.onb.ac.at/images/AKON/AK081_303/303/full/400,/0/default.jpg",52.37125,4.53306,Zandvoort
1,https://pmb.acdh.oeaw.ac.at/entity/44256/,"https://iiif.onb.ac.at/images/AKON/AK118_499/499/full/400,/0/default.jpg",52.38084,4.63683,Haarlem
1,https://pmb.acdh.oeaw.ac.at/entity/91089/,"https://iiif.onb.ac.at/images/AKON/AK080_442/442/full/400,/0/default.jpg",47.08557,8.44206,Kuessnacht
1,https://pmb.acdh.oeaw.ac.at/entity/41059/,False,47.17242,8.51745,Zug
1,https://pmb.acdh.oeaw.ac.at/entity/36232/,False,46.95317,8.2776,Alpnachstad
1,https://pmb.acdh.oeaw.ac.at/entity/51646/,False,36.13333,-5.35,Gibraltar
1,https://pmb.acdh.oeaw.ac.at/entity/44600/,False,46.9804,8.2572,Pilatus
1,https://pmb.acdh.oeaw.ac.at/entity/44210/,"https://iiif.onb.ac.at/images/AKON/AK100_372/372/full/400,/0/default.jpg",44.79935,10.32618,Parma
1,https://pmb.acdh.oeaw.ac.at/entity/34108/,False,46.401497,9.695937,Maloja
1,https://pmb.acdh.oeaw.ac.at/entity/90627/,"https://iiif.onb.ac.at/images/AKON/AK121_427/427/full/400,/0/default.jpg",44.83804,11.62057,Ferrara
1,https://pmb.acdh.oeaw.ac.at/entity/91924/,"https://iiif.onb.ac.at/images/AKON/AK098_215/215/full/400,/0/default.jpg",43.5125,16.25167,Trogir
1,https://pmb.acdh.oeaw.ac.at/entity/90221/,"https://iiif.onb.ac.at/images/AKON/AK123_266/266/full/400,/0/default.jpg",43.44472,16.68861,Omiš
1,https://pmb.acdh.oeaw.ac.at/entity/92627/,False,47.696629,15.843363,Kurpark
1,https://pmb.acdh.oeaw.ac.at/entity/91679/,"https://iiif.onb.ac.at/images/AKON/AK083_320/320/full/400,/0/default.jpg",46.58609,7.96126,Kleine Scheidegg
1,https://pmb.acdh.oeaw.ac.at/entity/91934/,False,55.37514,13.15691,Trelleborg
1,https://pmb.acdh.oeaw.ac.at/entity/92075/,"https://iiif.onb.ac.at/images/AKON/AK082_353/353/full/400,/0/default.jpg",46.60599,7.92013,Wengen
1,https://pmb.acdh.oeaw.ac.at/entity/62289/,False,59.321667,17.886944,Drottningholms Slottsteater
1,https://pmb.acdh.oeaw.ac.at/entity/62282/,False,59.32513,17.8878,Drottningholm
1,https://pmb.acdh.oeaw.ac.at/entity/62297/,"https://iiif.onb.ac.at/images/AKON/AK101_568/568/full/400,/0/default.jpg",59.28333,18.3,Saltsjöbaden
1,https://pmb.acdh.oeaw.ac.at/entity/62679/,False,59.34477008871903,18.06772970041719,Östermalmsgatan
1,https://pmb.acdh.oeaw.ac.at/entity/57941/,False,55.64152,12.08035,Roskilde
1,https://pmb.acdh.oeaw.ac.at/entity/54930/,"https://iiif.onb.ac.at/images/AKON/AK111_538/538/full/400,/0/default.jpg",47.69376,11.75091,Egern
1,https://pmb.acdh.oeaw.ac.at/entity/936/,"https://iiif.onb.ac.at/images/AKON/AK080_002/002/full/400,/0/default.jpg",47.73621,11.85936,Schliersee
1,https://pmb.acdh.oeaw.ac.at/entity/36477/,"https://iiif.onb.ac.at/images/AKON/AK082_003/003/full/400,/0/default.jpg",47.13713,7.24608,Biel
1,https://pmb.acdh.oeaw.ac.at/entity/90883/,False,47.60661,12.85313,Hintersee
1,https://pmb.acdh.oeaw.ac.at/entity/92117/,False,46.77852,6.64115,Yverdon-les-Bains
1,https://pmb.acdh.oeaw.ac.at/entity/34896/,False,47.95947,11.31038,Possenhofen
1,https://pmb.acdh.oeaw.ac.at/entity/91371/,"https://iiif.onb.ac.at/images/AKON/AK084_432/432/full/400,/0/default.jpg",51.8425,5.85278,Nijmegen
1,https://pmb.acdh.oeaw.ac.at/entity/512/,"https://iiif.onb.ac.at/images/AKON/AK116_192/192/full/400,/0/default.jpg",46.43774,6.46906,Genfer See
1,https://pmb.acdh.oeaw.ac.at/entity/90517/,"https://iiif.onb.ac.at/images/AKON/AK120_562/562/full/400,/0/default.jpg",52.00667,4.35556,Delft
1,https://pmb.acdh.oeaw.ac.at/entity/91129/,"https://iiif.onb.ac.at/images/AKON/AK085_035/035/full/400,/0/default.jpg",52.15833,4.49306,Leiden
1,https://pmb.acdh.oeaw.ac.at/entity/90114/,False,52.82762,5.24814,IJsselmeer
1,https://pmb.acdh.oeaw.ac.at/entity/44303/,"https://iiif.onb.ac.at/images/AKON/AK101_437/437/full/400,/0/default.jpg",51.9225,4.47917,Rotterdam
1,https://pmb.acdh.oeaw.ac.at/entity/90153/,False,48.36667,16.16667,Unterzögersdorf
1,https://pmb.acdh.oeaw.ac.at/entity/925/,"https://iiif.onb.ac.at/images/AKON/AK074_395/395/full/400,/0/default.jpg",47.59812,11.06692,Oberammergau
1,https://pmb.acdh.oeaw.ac.at/entity/90605/,"https://iiif.onb.ac.at/images/AKON/AK122_024/024/full/400,/0/default.jpg",47.56667,11.1,Ettal
1,https://pmb.acdh.oeaw.ac.at/entity/90175/,False,47.55979,11.13919,Oberau
1,https://pmb.acdh.oeaw.ac.at/entity/92285/,False,48.257868,16.32464,Himmelstr.
